"subject","trial","difference","difficulty","riskySelection"
1,1,"moderate","easier",1
1,2,"moderate","easier",1
1,3,"moderate","easier",1
1,4,"moderate","easier",0
1,5,"moderate","easier",1
1,6,"moderate","easier",0
1,7,"moderate","easier",1
1,8,"moderate","easier",0
1,9,"moderate","easier",1
1,10,"moderate","easier",1
1,11,"moderate","easier",1
1,12,"moderate","easier",1
1,13,"moderate","easier",1
1,14,"moderate","easier",0
1,15,"moderate","easier",1
1,16,"moderate","easier",1
1,17,"moderate","easier",1
1,1,"extreme","easier",1
1,2,"extreme","easier",1
1,3,"extreme","easier",0
1,4,"extreme","easier",1
1,5,"extreme","easier",0
1,6,"extreme","easier",1
1,7,"extreme","easier",0
1,8,"extreme","easier",0
1,9,"extreme","easier",1
1,10,"extreme","easier",0
1,11,"extreme","easier",0
1,12,"extreme","easier",1
1,13,"extreme","easier",1
1,14,"extreme","easier",1
1,15,"extreme","easier",1
1,16,"extreme","easier",0
1,17,"extreme","easier",0
1,1,"moderate","harder",1
1,2,"moderate","harder",1
1,3,"moderate","harder",1
1,4,"moderate","harder",1
1,5,"moderate","harder",1
1,6,"moderate","harder",1
1,7,"moderate","harder",1
1,8,"moderate","harder",1
1,9,"moderate","harder",1
1,10,"moderate","harder",1
1,11,"moderate","harder",1
1,12,"moderate","harder",1
1,13,"moderate","harder",1
1,14,"moderate","harder",1
1,15,"moderate","harder",1
1,16,"moderate","harder",1
1,17,"moderate","harder",1
1,1,"extreme","harder",1
1,2,"extreme","harder",1
1,3,"extreme","harder",1
1,4,"extreme","harder",1
1,5,"extreme","harder",1
1,6,"extreme","harder",1
1,7,"extreme","harder",1
1,8,"extreme","harder",1
1,9,"extreme","harder",1
1,10,"extreme","harder",1
1,11,"extreme","harder",1
1,12,"extreme","harder",1
1,13,"extreme","harder",1
1,14,"extreme","harder",1
1,15,"extreme","harder",1
1,16,"extreme","harder",1
1,17,"extreme","harder",1
2,1,"moderate","easier",0
2,2,"moderate","easier",0
2,3,"moderate","easier",0
2,4,"moderate","easier",0
2,5,"moderate","easier",0
2,6,"moderate","easier",0
2,7,"moderate","easier",0
2,8,"moderate","easier",0
2,9,"moderate","easier",0
2,10,"moderate","easier",0
2,11,"moderate","easier",0
2,12,"moderate","easier",0
2,13,"moderate","easier",0
2,14,"moderate","easier",0
2,15,"moderate","easier",0
2,16,"moderate","easier",0
2,17,"moderate","easier",0
2,1,"extreme","easier",0
2,2,"extreme","easier",0
2,3,"extreme","easier",0
2,4,"extreme","easier",0
2,5,"extreme","easier",0
2,6,"extreme","easier",0
2,7,"extreme","easier",0
2,8,"extreme","easier",0
2,9,"extreme","easier",0
2,10,"extreme","easier",0
2,11,"extreme","easier",0
2,12,"extreme","easier",0
2,13,"extreme","easier",0
2,14,"extreme","easier",0
2,15,"extreme","easier",0
2,16,"extreme","easier",0
2,17,"extreme","easier",0
2,1,"moderate","harder",1
2,2,"moderate","harder",0
2,3,"moderate","harder",0
2,4,"moderate","harder",1
2,5,"moderate","harder",1
2,6,"moderate","harder",0
2,7,"moderate","harder",0
2,8,"moderate","harder",1
2,9,"moderate","harder",0
2,10,"moderate","harder",0
2,11,"moderate","harder",0
2,12,"moderate","harder",0
2,13,"moderate","harder",0
2,14,"moderate","harder",0
2,15,"moderate","harder",0
2,16,"moderate","harder",0
2,17,"moderate","harder",1
2,1,"extreme","harder",0
2,2,"extreme","harder",0
2,3,"extreme","harder",0
2,4,"extreme","harder",0
2,5,"extreme","harder",0
2,6,"extreme","harder",0
2,7,"extreme","harder",1
2,8,"extreme","harder",0
2,9,"extreme","harder",1
2,10,"extreme","harder",0
2,11,"extreme","harder",0
2,12,"extreme","harder",1
2,13,"extreme","harder",1
2,14,"extreme","harder",1
2,15,"extreme","harder",1
2,16,"extreme","harder",0
2,17,"extreme","harder",0
3,1,"moderate","easier",0
3,2,"moderate","easier",1
3,3,"moderate","easier",0
3,4,"moderate","easier",0
3,5,"moderate","easier",1
3,6,"moderate","easier",0
3,7,"moderate","easier",1
3,8,"moderate","easier",0
3,9,"moderate","easier",0
3,10,"moderate","easier",0
3,11,"moderate","easier",0
3,12,"moderate","easier",0
3,13,"moderate","easier",0
3,14,"moderate","easier",0
3,15,"moderate","easier",0
3,16,"moderate","easier",0
3,17,"moderate","easier",0
3,1,"extreme","easier",0
3,2,"extreme","easier",0
3,3,"extreme","easier",0
3,4,"extreme","easier",0
3,5,"extreme","easier",0
3,6,"extreme","easier",0
3,7,"extreme","easier",0
3,8,"extreme","easier",0
3,9,"extreme","easier",0
3,10,"extreme","easier",0
3,11,"extreme","easier",0
3,12,"extreme","easier",0
3,13,"extreme","easier",0
3,14,"extreme","easier",0
3,15,"extreme","easier",0
3,16,"extreme","easier",0
3,17,"extreme","easier",0
3,1,"moderate","harder",1
3,2,"moderate","harder",0
3,3,"moderate","harder",0
3,4,"moderate","harder",0
3,5,"moderate","harder",0
3,6,"moderate","harder",0
3,7,"moderate","harder",0
3,8,"moderate","harder",1
3,9,"moderate","harder",0
3,10,"moderate","harder",0
3,11,"moderate","harder",0
3,12,"moderate","harder",0
3,13,"moderate","harder",0
3,14,"moderate","harder",0
3,15,"moderate","harder",0
3,16,"moderate","harder",0
3,17,"moderate","harder",1
3,1,"extreme","harder",0
3,2,"extreme","harder",0
3,3,"extreme","harder",0
3,4,"extreme","harder",0
3,5,"extreme","harder",0
3,6,"extreme","harder",1
3,7,"extreme","harder",0
3,8,"extreme","harder",0
3,9,"extreme","harder",0
3,10,"extreme","harder",1
3,11,"extreme","harder",0
3,12,"extreme","harder",0
3,13,"extreme","harder",0
3,14,"extreme","harder",0
3,15,"extreme","harder",0
3,16,"extreme","harder",0
3,17,"extreme","harder",0
4,1,"moderate","easier",1
4,2,"moderate","easier",1
4,3,"moderate","easier",1
4,4,"moderate","easier",1
4,5,"moderate","easier",1
4,6,"moderate","easier",1
4,7,"moderate","easier",0
4,8,"moderate","easier",1
4,9,"moderate","easier",1
4,10,"moderate","easier",1
4,11,"moderate","easier",1
4,12,"moderate","easier",1
4,13,"moderate","easier",1
4,14,"moderate","easier",1
4,15,"moderate","easier",1
4,16,"moderate","easier",1
4,17,"moderate","easier",1
4,1,"extreme","easier",1
4,2,"extreme","easier",1
4,3,"extreme","easier",1
4,4,"extreme","easier",1
4,5,"extreme","easier",1
4,6,"extreme","easier",1
4,7,"extreme","easier",1
4,8,"extreme","easier",1
4,9,"extreme","easier",1
4,10,"extreme","easier",0
4,11,"extreme","easier",1
4,12,"extreme","easier",1
4,13,"extreme","easier",1
4,14,"extreme","easier",1
4,15,"extreme","easier",1
4,16,"extreme","easier",1
4,17,"extreme","easier",1
4,1,"moderate","harder",1
4,2,"moderate","harder",1
4,3,"moderate","harder",1
4,4,"moderate","harder",1
4,5,"moderate","harder",1
4,6,"moderate","harder",1
4,7,"moderate","harder",1
4,8,"moderate","harder",1
4,9,"moderate","harder",1
4,10,"moderate","harder",1
4,11,"moderate","harder",1
4,12,"moderate","harder",1
4,13,"moderate","harder",1
4,14,"moderate","harder",1
4,15,"moderate","harder",1
4,16,"moderate","harder",1
4,17,"moderate","harder",1
4,1,"extreme","harder",1
4,2,"extreme","harder",1
4,3,"extreme","harder",1
4,4,"extreme","harder",1
4,5,"extreme","harder",1
4,6,"extreme","harder",1
4,7,"extreme","harder",1
4,8,"extreme","harder",1
4,9,"extreme","harder",1
4,10,"extreme","harder",1
4,11,"extreme","harder",1
4,12,"extreme","harder",1
4,13,"extreme","harder",1
4,14,"extreme","harder",1
4,15,"extreme","harder",1
4,16,"extreme","harder",1
4,17,"extreme","harder",1
5,1,"moderate","easier",1
5,2,"moderate","easier",1
5,3,"moderate","easier",1
5,4,"moderate","easier",0
5,5,"moderate","easier",1
5,6,"moderate","easier",1
5,7,"moderate","easier",0
5,8,"moderate","easier",1
5,9,"moderate","easier",0
5,10,"moderate","easier",1
5,11,"moderate","easier",0
5,12,"moderate","easier",1
5,13,"moderate","easier",1
5,14,"moderate","easier",1
5,15,"moderate","easier",0
5,16,"moderate","easier",1
5,17,"moderate","easier",1
5,1,"extreme","easier",1
5,2,"extreme","easier",1
5,3,"extreme","easier",1
5,4,"extreme","easier",1
5,5,"extreme","easier",0
5,6,"extreme","easier",1
5,7,"extreme","easier",1
5,8,"extreme","easier",1
5,9,"extreme","easier",1
5,10,"extreme","easier",1
5,11,"extreme","easier",1
5,12,"extreme","easier",0
5,13,"extreme","easier",1
5,14,"extreme","easier",0
5,15,"extreme","easier",1
5,16,"extreme","easier",1
5,17,"extreme","easier",0
5,1,"moderate","harder",1
5,2,"moderate","harder",1
5,3,"moderate","harder",1
5,4,"moderate","harder",1
5,5,"moderate","harder",1
5,6,"moderate","harder",1
5,7,"moderate","harder",1
5,8,"moderate","harder",0
5,9,"moderate","harder",1
5,10,"moderate","harder",1
5,11,"moderate","harder",1
5,12,"moderate","harder",1
5,13,"moderate","harder",1
5,14,"moderate","harder",1
5,15,"moderate","harder",1
5,16,"moderate","harder",1
5,17,"moderate","harder",1
5,1,"extreme","harder",1
5,2,"extreme","harder",1
5,3,"extreme","harder",1
5,4,"extreme","harder",1
5,5,"extreme","harder",1
5,6,"extreme","harder",1
5,7,"extreme","harder",1
5,8,"extreme","harder",1
5,9,"extreme","harder",1
5,10,"extreme","harder",1
5,11,"extreme","harder",1
5,12,"extreme","harder",1
5,13,"extreme","harder",1
5,14,"extreme","harder",1
5,15,"extreme","harder",1
5,16,"extreme","harder",1
5,17,"extreme","harder",1
6,1,"moderate","easier",0
6,2,"moderate","easier",0
6,3,"moderate","easier",0
6,4,"moderate","easier",0
6,5,"moderate","easier",0
6,6,"moderate","easier",1
6,7,"moderate","easier",0
6,8,"moderate","easier",0
6,9,"moderate","easier",0
6,10,"moderate","easier",1
6,11,"moderate","easier",0
6,12,"moderate","easier",0
6,13,"moderate","easier",1
6,14,"moderate","easier",0
6,15,"moderate","easier",0
6,16,"moderate","easier",0
6,17,"moderate","easier",0
6,1,"extreme","easier",0
6,2,"extreme","easier",0
6,3,"extreme","easier",0
6,4,"extreme","easier",0
6,5,"extreme","easier",1
6,6,"extreme","easier",0
6,7,"extreme","easier",0
6,8,"extreme","easier",0
6,9,"extreme","easier",1
6,10,"extreme","easier",0
6,11,"extreme","easier",0
6,12,"extreme","easier",0
6,13,"extreme","easier",0
6,14,"extreme","easier",0
6,15,"extreme","easier",0
6,16,"extreme","easier",1
6,17,"extreme","easier",1
6,1,"moderate","harder",1
6,2,"moderate","harder",0
6,3,"moderate","harder",0
6,4,"moderate","harder",1
6,5,"moderate","harder",0
6,6,"moderate","harder",0
6,7,"moderate","harder",0
6,8,"moderate","harder",1
6,9,"moderate","harder",0
6,10,"moderate","harder",1
6,11,"moderate","harder",1
6,12,"moderate","harder",1
6,13,"moderate","harder",0
6,14,"moderate","harder",1
6,15,"moderate","harder",1
6,16,"moderate","harder",1
6,17,"moderate","harder",0
6,1,"extreme","harder",1
6,2,"extreme","harder",1
6,3,"extreme","harder",0
6,4,"extreme","harder",1
6,5,"extreme","harder",1
6,6,"extreme","harder",1
6,7,"extreme","harder",1
6,8,"extreme","harder",1
6,9,"extreme","harder",0
6,10,"extreme","harder",1
6,11,"extreme","harder",0
6,12,"extreme","harder",0
6,13,"extreme","harder",0
6,14,"extreme","harder",1
6,15,"extreme","harder",1
6,16,"extreme","harder",1
6,17,"extreme","harder",1
7,1,"moderate","easier",1
7,2,"moderate","easier",1
7,3,"moderate","easier",1
7,4,"moderate","easier",1
7,5,"moderate","easier",1
7,6,"moderate","easier",1
7,7,"moderate","easier",1
7,8,"moderate","easier",0
7,9,"moderate","easier",1
7,10,"moderate","easier",1
7,11,"moderate","easier",1
7,12,"moderate","easier",1
7,13,"moderate","easier",1
7,14,"moderate","easier",1
7,15,"moderate","easier",1
7,16,"moderate","easier",1
7,17,"moderate","easier",1
7,1,"extreme","easier",1
7,2,"extreme","easier",1
7,3,"extreme","easier",1
7,4,"extreme","easier",1
7,5,"extreme","easier",1
7,6,"extreme","easier",1
7,7,"extreme","easier",1
7,8,"extreme","easier",1
7,9,"extreme","easier",1
7,10,"extreme","easier",1
7,11,"extreme","easier",1
7,12,"extreme","easier",0
7,13,"extreme","easier",1
7,14,"extreme","easier",1
7,15,"extreme","easier",1
7,16,"extreme","easier",1
7,17,"extreme","easier",0
7,1,"moderate","harder",1
7,2,"moderate","harder",1
7,3,"moderate","harder",1
7,4,"moderate","harder",1
7,5,"moderate","harder",1
7,6,"moderate","harder",1
7,7,"moderate","harder",1
7,8,"moderate","harder",1
7,9,"moderate","harder",1
7,10,"moderate","harder",1
7,11,"moderate","harder",1
7,12,"moderate","harder",1
7,13,"moderate","harder",1
7,14,"moderate","harder",1
7,15,"moderate","harder",1
7,16,"moderate","harder",1
7,17,"moderate","harder",1
7,1,"extreme","harder",1
7,2,"extreme","harder",1
7,3,"extreme","harder",1
7,4,"extreme","harder",1
7,5,"extreme","harder",1
7,6,"extreme","harder",1
7,7,"extreme","harder",1
7,8,"extreme","harder",1
7,9,"extreme","harder",1
7,10,"extreme","harder",1
7,11,"extreme","harder",1
7,12,"extreme","harder",1
7,13,"extreme","harder",1
7,14,"extreme","harder",1
7,15,"extreme","harder",1
7,16,"extreme","harder",1
7,17,"extreme","harder",1
8,1,"moderate","easier",0
8,2,"moderate","easier",0
8,3,"moderate","easier",0
8,4,"moderate","easier",0
8,5,"moderate","easier",0
8,6,"moderate","easier",0
8,7,"moderate","easier",0
8,8,"moderate","easier",0
8,9,"moderate","easier",0
8,10,"moderate","easier",0
8,11,"moderate","easier",1
8,12,"moderate","easier",0
8,13,"moderate","easier",0
8,14,"moderate","easier",0
8,15,"moderate","easier",0
8,16,"moderate","easier",0
8,17,"moderate","easier",0
8,1,"extreme","easier",0
8,2,"extreme","easier",0
8,3,"extreme","easier",0
8,4,"extreme","easier",0
8,5,"extreme","easier",0
8,6,"extreme","easier",0
8,7,"extreme","easier",0
8,8,"extreme","easier",0
8,9,"extreme","easier",0
8,10,"extreme","easier",0
8,11,"extreme","easier",0
8,12,"extreme","easier",0
8,13,"extreme","easier",1
8,14,"extreme","easier",0
8,15,"extreme","easier",0
8,16,"extreme","easier",0
8,17,"extreme","easier",0
8,1,"moderate","harder",0
8,2,"moderate","harder",1
8,3,"moderate","harder",0
8,4,"moderate","harder",0
8,5,"moderate","harder",0
8,6,"moderate","harder",0
8,7,"moderate","harder",0
8,8,"moderate","harder",1
8,9,"moderate","harder",0
8,10,"moderate","harder",0
8,11,"moderate","harder",0
8,12,"moderate","harder",0
8,13,"moderate","harder",0
8,14,"moderate","harder",0
8,15,"moderate","harder",0
8,16,"moderate","harder",0
8,17,"moderate","harder",0
8,1,"extreme","harder",0
8,2,"extreme","harder",1
8,3,"extreme","harder",1
8,4,"extreme","harder",0
8,5,"extreme","harder",0
8,6,"extreme","harder",1
8,7,"extreme","harder",0
8,8,"extreme","harder",0
8,9,"extreme","harder",0
8,10,"extreme","harder",1
8,11,"extreme","harder",0
8,12,"extreme","harder",0
8,13,"extreme","harder",0
8,14,"extreme","harder",0
8,15,"extreme","harder",0
8,16,"extreme","harder",0
8,17,"extreme","harder",1
9,1,"moderate","easier",1
9,2,"moderate","easier",0
9,3,"moderate","easier",0
9,4,"moderate","easier",0
9,5,"moderate","easier",0
9,6,"moderate","easier",0
9,7,"moderate","easier",1
9,8,"moderate","easier",0
9,9,"moderate","easier",0
9,10,"moderate","easier",0
9,11,"moderate","easier",0
9,12,"moderate","easier",0
9,13,"moderate","easier",0
9,14,"moderate","easier",0
9,15,"moderate","easier",0
9,16,"moderate","easier",0
9,17,"moderate","easier",1
9,1,"extreme","easier",0
9,2,"extreme","easier",0
9,3,"extreme","easier",0
9,4,"extreme","easier",0
9,5,"extreme","easier",0
9,6,"extreme","easier",1
9,7,"extreme","easier",0
9,8,"extreme","easier",0
9,9,"extreme","easier",0
9,10,"extreme","easier",1
9,11,"extreme","easier",0
9,12,"extreme","easier",1
9,13,"extreme","easier",0
9,14,"extreme","easier",0
9,15,"extreme","easier",0
9,16,"extreme","easier",0
9,17,"extreme","easier",0
9,1,"moderate","harder",0
9,2,"moderate","harder",0
9,3,"moderate","harder",0
9,4,"moderate","harder",0
9,5,"moderate","harder",0
9,6,"moderate","harder",0
9,7,"moderate","harder",0
9,8,"moderate","harder",0
9,9,"moderate","harder",0
9,10,"moderate","harder",0
9,11,"moderate","harder",0
9,12,"moderate","harder",0
9,13,"moderate","harder",0
9,14,"moderate","harder",0
9,15,"moderate","harder",0
9,16,"moderate","harder",0
9,17,"moderate","harder",0
9,1,"extreme","harder",0
9,2,"extreme","harder",0
9,3,"extreme","harder",1
9,4,"extreme","harder",0
9,5,"extreme","harder",0
9,6,"extreme","harder",0
9,7,"extreme","harder",0
9,8,"extreme","harder",0
9,9,"extreme","harder",0
9,10,"extreme","harder",0
9,11,"extreme","harder",0
9,12,"extreme","harder",0
9,13,"extreme","harder",0
9,14,"extreme","harder",0
9,15,"extreme","harder",0
9,16,"extreme","harder",0
9,17,"extreme","harder",0
10,1,"moderate","easier",0
10,2,"moderate","easier",1
10,3,"moderate","easier",0
10,4,"moderate","easier",0
10,5,"moderate","easier",0
10,6,"moderate","easier",0
10,7,"moderate","easier",0
10,8,"moderate","easier",0
10,9,"moderate","easier",0
10,10,"moderate","easier",0
10,11,"moderate","easier",1
10,12,"moderate","easier",0
10,13,"moderate","easier",1
10,14,"moderate","easier",0
10,15,"moderate","easier",0
10,16,"moderate","easier",0
10,17,"moderate","easier",0
10,1,"extreme","easier",0
10,2,"extreme","easier",0
10,3,"extreme","easier",0
10,4,"extreme","easier",0
10,5,"extreme","easier",0
10,6,"extreme","easier",0
10,7,"extreme","easier",1
10,8,"extreme","easier",0
10,9,"extreme","easier",1
10,10,"extreme","easier",1
10,11,"extreme","easier",0
10,12,"extreme","easier",0
10,13,"extreme","easier",0
10,14,"extreme","easier",0
10,15,"extreme","easier",0
10,16,"extreme","easier",1
10,17,"extreme","easier",0
10,1,"moderate","harder",0
10,2,"moderate","harder",1
10,3,"moderate","harder",1
10,4,"moderate","harder",1
10,5,"moderate","harder",0
10,6,"moderate","harder",1
10,7,"moderate","harder",1
10,8,"moderate","harder",1
10,9,"moderate","harder",1
10,10,"moderate","harder",1
10,11,"moderate","harder",1
10,12,"moderate","harder",0
10,13,"moderate","harder",1
10,14,"moderate","harder",0
10,15,"moderate","harder",0
10,16,"moderate","harder",1
10,17,"moderate","harder",1
10,1,"extreme","harder",1
10,2,"extreme","harder",1
10,3,"extreme","harder",1
10,4,"extreme","harder",0
10,5,"extreme","harder",0
10,6,"extreme","harder",1
10,7,"extreme","harder",1
10,8,"extreme","harder",1
10,9,"extreme","harder",0
10,10,"extreme","harder",0
10,11,"extreme","harder",1
10,12,"extreme","harder",1
10,13,"extreme","harder",1
10,14,"extreme","harder",0
10,15,"extreme","harder",1
10,16,"extreme","harder",1
10,17,"extreme","harder",1
11,1,"moderate","easier",1
11,2,"moderate","easier",1
11,3,"moderate","easier",0
11,4,"moderate","easier",1
11,5,"moderate","easier",1
11,6,"moderate","easier",1
11,7,"moderate","easier",1
11,8,"moderate","easier",0
11,9,"moderate","easier",1
11,10,"moderate","easier",1
11,11,"moderate","easier",1
11,12,"moderate","easier",1
11,13,"moderate","easier",1
11,14,"moderate","easier",0
11,15,"moderate","easier",1
11,16,"moderate","easier",1
11,17,"moderate","easier",1
11,1,"extreme","easier",0
11,2,"extreme","easier",1
11,3,"extreme","easier",0
11,4,"extreme","easier",1
11,5,"extreme","easier",0
11,6,"extreme","easier",0
11,7,"extreme","easier",1
11,8,"extreme","easier",0
11,9,"extreme","easier",1
11,10,"extreme","easier",1
11,11,"extreme","easier",1
11,12,"extreme","easier",1
11,13,"extreme","easier",1
11,14,"extreme","easier",0
11,15,"extreme","easier",0
11,16,"extreme","easier",1
11,17,"extreme","easier",1
11,1,"moderate","harder",1
11,2,"moderate","harder",1
11,3,"moderate","harder",1
11,4,"moderate","harder",1
11,5,"moderate","harder",1
11,6,"moderate","harder",1
11,7,"moderate","harder",1
11,8,"moderate","harder",1
11,9,"moderate","harder",0
11,10,"moderate","harder",1
11,11,"moderate","harder",1
11,12,"moderate","harder",1
11,13,"moderate","harder",1
11,14,"moderate","harder",1
11,15,"moderate","harder",1
11,16,"moderate","harder",1
11,17,"moderate","harder",1
11,1,"extreme","harder",1
11,2,"extreme","harder",1
11,3,"extreme","harder",1
11,4,"extreme","harder",1
11,5,"extreme","harder",1
11,6,"extreme","harder",1
11,7,"extreme","harder",1
11,8,"extreme","harder",1
11,9,"extreme","harder",1
11,10,"extreme","harder",1
11,11,"extreme","harder",1
11,12,"extreme","harder",1
11,13,"extreme","harder",1
11,14,"extreme","harder",1
11,15,"extreme","harder",1
11,16,"extreme","harder",1
11,17,"extreme","harder",1
12,1,"moderate","easier",0
12,2,"moderate","easier",0
12,3,"moderate","easier",0
12,4,"moderate","easier",0
12,5,"moderate","easier",0
12,6,"moderate","easier",1
12,7,"moderate","easier",0
12,8,"moderate","easier",0
12,9,"moderate","easier",0
12,10,"moderate","easier",0
12,11,"moderate","easier",0
12,12,"moderate","easier",0
12,13,"moderate","easier",0
12,14,"moderate","easier",0
12,15,"moderate","easier",0
12,16,"moderate","easier",0
12,17,"moderate","easier",0
12,1,"extreme","easier",0
12,2,"extreme","easier",0
12,3,"extreme","easier",0
12,4,"extreme","easier",0
12,5,"extreme","easier",1
12,6,"extreme","easier",1
12,7,"extreme","easier",1
12,8,"extreme","easier",0
12,9,"extreme","easier",0
12,10,"extreme","easier",0
12,11,"extreme","easier",0
12,12,"extreme","easier",0
12,13,"extreme","easier",0
12,14,"extreme","easier",0
12,15,"extreme","easier",0
12,16,"extreme","easier",0
12,17,"extreme","easier",0
12,1,"moderate","harder",0
12,2,"moderate","harder",0
12,3,"moderate","harder",0
12,4,"moderate","harder",0
12,5,"moderate","harder",0
12,6,"moderate","harder",0
12,7,"moderate","harder",0
12,8,"moderate","harder",0
12,9,"moderate","harder",0
12,10,"moderate","harder",0
12,11,"moderate","harder",0
12,12,"moderate","harder",0
12,13,"moderate","harder",0
12,14,"moderate","harder",0
12,15,"moderate","harder",0
12,16,"moderate","harder",0
12,17,"moderate","harder",0
12,1,"extreme","harder",0
12,2,"extreme","harder",0
12,3,"extreme","harder",1
12,4,"extreme","harder",0
12,5,"extreme","harder",0
12,6,"extreme","harder",0
12,7,"extreme","harder",0
12,8,"extreme","harder",0
12,9,"extreme","harder",0
12,10,"extreme","harder",0
12,11,"extreme","harder",1
12,12,"extreme","harder",0
12,13,"extreme","harder",0
12,14,"extreme","harder",0
12,15,"extreme","harder",0
12,16,"extreme","harder",0
12,17,"extreme","harder",0
13,1,"moderate","easier",0
13,2,"moderate","easier",0
13,3,"moderate","easier",0
13,4,"moderate","easier",0
13,5,"moderate","easier",1
13,6,"moderate","easier",0
13,7,"moderate","easier",0
13,8,"moderate","easier",1
13,9,"moderate","easier",1
13,10,"moderate","easier",0
13,11,"moderate","easier",0
13,12,"moderate","easier",1
13,13,"moderate","easier",0
13,14,"moderate","easier",0
13,15,"moderate","easier",0
13,16,"moderate","easier",0
13,17,"moderate","easier",0
13,1,"extreme","easier",0
13,2,"extreme","easier",0
13,3,"extreme","easier",1
13,4,"extreme","easier",1
13,5,"extreme","easier",0
13,6,"extreme","easier",0
13,7,"extreme","easier",0
13,8,"extreme","easier",0
13,9,"extreme","easier",0
13,10,"extreme","easier",0
13,11,"extreme","easier",0
13,12,"extreme","easier",0
13,13,"extreme","easier",0
13,14,"extreme","easier",1
13,15,"extreme","easier",0
13,16,"extreme","easier",0
13,17,"extreme","easier",0
13,1,"moderate","harder",1
13,2,"moderate","harder",1
13,3,"moderate","harder",0
13,4,"moderate","harder",0
13,5,"moderate","harder",0
13,6,"moderate","harder",1
13,7,"moderate","harder",0
13,8,"moderate","harder",1
13,9,"moderate","harder",0
13,10,"moderate","harder",0
13,11,"moderate","harder",0
13,12,"moderate","harder",1
13,13,"moderate","harder",0
13,14,"moderate","harder",1
13,15,"moderate","harder",0
13,16,"moderate","harder",1
13,17,"moderate","harder",0
13,1,"extreme","harder",1
13,2,"extreme","harder",0
13,3,"extreme","harder",0
13,4,"extreme","harder",0
13,5,"extreme","harder",1
13,6,"extreme","harder",1
13,7,"extreme","harder",0
13,8,"extreme","harder",1
13,9,"extreme","harder",0
13,10,"extreme","harder",0
13,11,"extreme","harder",0
13,12,"extreme","harder",0
13,13,"extreme","harder",0
13,14,"extreme","harder",0
13,15,"extreme","harder",0
13,16,"extreme","harder",0
13,17,"extreme","harder",1
14,1,"moderate","easier",0
14,2,"moderate","easier",0
14,3,"moderate","easier",1
14,4,"moderate","easier",0
14,5,"moderate","easier",0
14,6,"moderate","easier",0
14,7,"moderate","easier",0
14,8,"moderate","easier",0
14,9,"moderate","easier",0
14,10,"moderate","easier",0
14,11,"moderate","easier",0
14,12,"moderate","easier",0
14,13,"moderate","easier",0
14,14,"moderate","easier",0
14,15,"moderate","easier",0
14,16,"moderate","easier",0
14,17,"moderate","easier",0
14,1,"extreme","easier",0
14,2,"extreme","easier",0
14,3,"extreme","easier",0
14,4,"extreme","easier",0
14,5,"extreme","easier",0
14,6,"extreme","easier",1
14,7,"extreme","easier",0
14,8,"extreme","easier",0
14,9,"extreme","easier",0
14,10,"extreme","easier",0
14,11,"extreme","easier",0
14,12,"extreme","easier",0
14,13,"extreme","easier",0
14,14,"extreme","easier",0
14,15,"extreme","easier",0
14,16,"extreme","easier",0
14,17,"extreme","easier",0
14,1,"moderate","harder",0
14,2,"moderate","harder",0
14,3,"moderate","harder",1
14,4,"moderate","harder",0
14,5,"moderate","harder",1
14,6,"moderate","harder",1
14,7,"moderate","harder",0
14,8,"moderate","harder",0
14,9,"moderate","harder",0
14,10,"moderate","harder",0
14,11,"moderate","harder",1
14,12,"moderate","harder",1
14,13,"moderate","harder",0
14,14,"moderate","harder",0
14,15,"moderate","harder",0
14,16,"moderate","harder",0
14,17,"moderate","harder",0
14,1,"extreme","harder",0
14,2,"extreme","harder",0
14,3,"extreme","harder",0
14,4,"extreme","harder",0
14,5,"extreme","harder",1
14,6,"extreme","harder",1
14,7,"extreme","harder",0
14,8,"extreme","harder",1
14,9,"extreme","harder",0
14,10,"extreme","harder",0
14,11,"extreme","harder",0
14,12,"extreme","harder",1
14,13,"extreme","harder",0
14,14,"extreme","harder",0
14,15,"extreme","harder",0
14,16,"extreme","harder",0
14,17,"extreme","harder",0
15,1,"moderate","easier",1
15,2,"moderate","easier",1
15,3,"moderate","easier",1
15,4,"moderate","easier",1
15,5,"moderate","easier",1
15,6,"moderate","easier",1
15,7,"moderate","easier",1
15,8,"moderate","easier",1
15,9,"moderate","easier",1
15,10,"moderate","easier",1
15,11,"moderate","easier",1
15,12,"moderate","easier",1
15,13,"moderate","easier",1
15,14,"moderate","easier",1
15,15,"moderate","easier",1
15,16,"moderate","easier",1
15,17,"moderate","easier",1
15,1,"extreme","easier",1
15,2,"extreme","easier",1
15,3,"extreme","easier",1
15,4,"extreme","easier",1
15,5,"extreme","easier",1
15,6,"extreme","easier",1
15,7,"extreme","easier",1
15,8,"extreme","easier",1
15,9,"extreme","easier",1
15,10,"extreme","easier",1
15,11,"extreme","easier",1
15,12,"extreme","easier",1
15,13,"extreme","easier",1
15,14,"extreme","easier",1
15,15,"extreme","easier",1
15,16,"extreme","easier",1
15,17,"extreme","easier",1
15,1,"moderate","harder",1
15,2,"moderate","harder",1
15,3,"moderate","harder",1
15,4,"moderate","harder",1
15,5,"moderate","harder",1
15,6,"moderate","harder",1
15,7,"moderate","harder",1
15,8,"moderate","harder",1
15,9,"moderate","harder",1
15,10,"moderate","harder",1
15,11,"moderate","harder",1
15,12,"moderate","harder",1
15,13,"moderate","harder",1
15,14,"moderate","harder",1
15,15,"moderate","harder",1
15,16,"moderate","harder",1
15,17,"moderate","harder",1
15,1,"extreme","harder",1
15,2,"extreme","harder",1
15,3,"extreme","harder",1
15,4,"extreme","harder",1
15,5,"extreme","harder",1
15,6,"extreme","harder",1
15,7,"extreme","harder",1
15,8,"extreme","harder",1
15,9,"extreme","harder",1
15,10,"extreme","harder",1
15,11,"extreme","harder",1
15,12,"extreme","harder",1
15,13,"extreme","harder",1
15,14,"extreme","harder",1
15,15,"extreme","harder",1
15,16,"extreme","harder",1
15,17,"extreme","harder",1
16,1,"moderate","easier",1
16,2,"moderate","easier",0
16,3,"moderate","easier",1
16,4,"moderate","easier",1
16,5,"moderate","easier",0
16,6,"moderate","easier",0
16,7,"moderate","easier",1
16,8,"moderate","easier",1
16,9,"moderate","easier",1
16,10,"moderate","easier",0
16,11,"moderate","easier",1
16,12,"moderate","easier",0
16,13,"moderate","easier",1
16,14,"moderate","easier",1
16,15,"moderate","easier",0
16,16,"moderate","easier",1
16,17,"moderate","easier",0
16,1,"extreme","easier",0
16,2,"extreme","easier",1
16,3,"extreme","easier",1
16,4,"extreme","easier",1
16,5,"extreme","easier",0
16,6,"extreme","easier",1
16,7,"extreme","easier",1
16,8,"extreme","easier",0
16,9,"extreme","easier",0
16,10,"extreme","easier",1
16,11,"extreme","easier",1
16,12,"extreme","easier",1
16,13,"extreme","easier",1
16,14,"extreme","easier",1
16,15,"extreme","easier",0
16,16,"extreme","easier",0
16,17,"extreme","easier",1
16,1,"moderate","harder",0
16,2,"moderate","harder",1
16,3,"moderate","harder",1
16,4,"moderate","harder",1
16,5,"moderate","harder",0
16,6,"moderate","harder",0
16,7,"moderate","harder",1
16,8,"moderate","harder",1
16,9,"moderate","harder",1
16,10,"moderate","harder",1
16,11,"moderate","harder",0
16,12,"moderate","harder",1
16,13,"moderate","harder",0
16,14,"moderate","harder",0
16,15,"moderate","harder",1
16,16,"moderate","harder",0
16,17,"moderate","harder",1
16,1,"extreme","harder",0
16,2,"extreme","harder",0
16,3,"extreme","harder",1
16,4,"extreme","harder",0
16,5,"extreme","harder",0
16,6,"extreme","harder",1
16,7,"extreme","harder",1
16,8,"extreme","harder",0
16,9,"extreme","harder",1
16,10,"extreme","harder",0
16,11,"extreme","harder",1
16,12,"extreme","harder",1
16,13,"extreme","harder",1
16,14,"extreme","harder",0
16,15,"extreme","harder",1
16,16,"extreme","harder",0
16,17,"extreme","harder",0
17,1,"moderate","easier",1
17,2,"moderate","easier",1
17,3,"moderate","easier",1
17,4,"moderate","easier",1
17,5,"moderate","easier",1
17,6,"moderate","easier",1
17,7,"moderate","easier",1
17,8,"moderate","easier",0
17,9,"moderate","easier",1
17,10,"moderate","easier",0
17,11,"moderate","easier",1
17,12,"moderate","easier",1
17,13,"moderate","easier",1
17,14,"moderate","easier",1
17,15,"moderate","easier",0
17,16,"moderate","easier",1
17,17,"moderate","easier",1
17,1,"extreme","easier",1
17,2,"extreme","easier",1
17,3,"extreme","easier",0
17,4,"extreme","easier",1
17,5,"extreme","easier",1
17,6,"extreme","easier",1
17,7,"extreme","easier",0
17,8,"extreme","easier",1
17,9,"extreme","easier",1
17,10,"extreme","easier",1
17,11,"extreme","easier",1
17,12,"extreme","easier",1
17,13,"extreme","easier",1
17,14,"extreme","easier",1
17,15,"extreme","easier",0
17,16,"extreme","easier",1
17,17,"extreme","easier",1
17,1,"moderate","harder",1
17,2,"moderate","harder",1
17,3,"moderate","harder",1
17,4,"moderate","harder",1
17,5,"moderate","harder",0
17,6,"moderate","harder",0
17,7,"moderate","harder",1
17,8,"moderate","harder",1
17,9,"moderate","harder",1
17,10,"moderate","harder",0
17,11,"moderate","harder",1
17,12,"moderate","harder",1
17,13,"moderate","harder",1
17,14,"moderate","harder",1
17,15,"moderate","harder",1
17,16,"moderate","harder",1
17,17,"moderate","harder",1
17,1,"extreme","harder",1
17,2,"extreme","harder",1
17,3,"extreme","harder",0
17,4,"extreme","harder",0
17,5,"extreme","harder",1
17,6,"extreme","harder",1
17,7,"extreme","harder",1
17,8,"extreme","harder",1
17,9,"extreme","harder",1
17,10,"extreme","harder",1
17,11,"extreme","harder",1
17,12,"extreme","harder",1
17,13,"extreme","harder",1
17,14,"extreme","harder",1
17,15,"extreme","harder",1
17,16,"extreme","harder",1
17,17,"extreme","harder",1
18,1,"moderate","easier",1
18,2,"moderate","easier",1
18,3,"moderate","easier",1
18,4,"moderate","easier",1
18,5,"moderate","easier",0
18,6,"moderate","easier",0
18,7,"moderate","easier",0
18,8,"moderate","easier",0
18,9,"moderate","easier",0
18,10,"moderate","easier",1
18,11,"moderate","easier",1
18,12,"moderate","easier",0
18,13,"moderate","easier",1
18,14,"moderate","easier",1
18,15,"moderate","easier",1
18,16,"moderate","easier",0
18,17,"moderate","easier",1
18,1,"extreme","easier",1
18,2,"extreme","easier",0
18,3,"extreme","easier",1
18,4,"extreme","easier",1
18,5,"extreme","easier",1
18,6,"extreme","easier",1
18,7,"extreme","easier",0
18,8,"extreme","easier",1
18,9,"extreme","easier",1
18,10,"extreme","easier",1
18,11,"extreme","easier",1
18,12,"extreme","easier",1
18,13,"extreme","easier",1
18,14,"extreme","easier",1
18,15,"extreme","easier",0
18,16,"extreme","easier",1
18,17,"extreme","easier",1
18,1,"moderate","harder",1
18,2,"moderate","harder",1
18,3,"moderate","harder",1
18,4,"moderate","harder",1
18,5,"moderate","harder",1
18,6,"moderate","harder",1
18,7,"moderate","harder",1
18,8,"moderate","harder",0
18,9,"moderate","harder",1
18,10,"moderate","harder",1
18,11,"moderate","harder",1
18,12,"moderate","harder",1
18,13,"moderate","harder",1
18,14,"moderate","harder",0
18,15,"moderate","harder",1
18,16,"moderate","harder",1
18,17,"moderate","harder",1
18,1,"extreme","harder",1
18,2,"extreme","harder",1
18,3,"extreme","harder",1
18,4,"extreme","harder",1
18,5,"extreme","harder",1
18,6,"extreme","harder",1
18,7,"extreme","harder",1
18,8,"extreme","harder",1
18,9,"extreme","harder",1
18,10,"extreme","harder",1
18,11,"extreme","harder",1
18,12,"extreme","harder",1
18,13,"extreme","harder",1
18,14,"extreme","harder",1
18,15,"extreme","harder",1
18,16,"extreme","harder",1
18,17,"extreme","harder",1
19,1,"moderate","easier",0
19,2,"moderate","easier",0
19,3,"moderate","easier",0
19,4,"moderate","easier",0
19,5,"moderate","easier",0
19,6,"moderate","easier",0
19,7,"moderate","easier",0
19,8,"moderate","easier",0
19,9,"moderate","easier",1
19,10,"moderate","easier",1
19,11,"moderate","easier",0
19,12,"moderate","easier",0
19,13,"moderate","easier",0
19,14,"moderate","easier",1
19,15,"moderate","easier",0
19,16,"moderate","easier",1
19,17,"moderate","easier",0
19,1,"extreme","easier",0
19,2,"extreme","easier",1
19,3,"extreme","easier",1
19,4,"extreme","easier",0
19,5,"extreme","easier",0
19,6,"extreme","easier",0
19,7,"extreme","easier",0
19,8,"extreme","easier",0
19,9,"extreme","easier",0
19,10,"extreme","easier",0
19,11,"extreme","easier",1
19,12,"extreme","easier",0
19,13,"extreme","easier",0
19,14,"extreme","easier",0
19,15,"extreme","easier",0
19,16,"extreme","easier",0
19,17,"extreme","easier",0
19,1,"moderate","harder",0
19,2,"moderate","harder",1
19,3,"moderate","harder",1
19,4,"moderate","harder",0
19,5,"moderate","harder",1
19,6,"moderate","harder",0
19,7,"moderate","harder",1
19,8,"moderate","harder",0
19,9,"moderate","harder",1
19,10,"moderate","harder",0
19,11,"moderate","harder",0
19,12,"moderate","harder",0
19,13,"moderate","harder",0
19,14,"moderate","harder",0
19,15,"moderate","harder",0
19,16,"moderate","harder",0
19,17,"moderate","harder",0
19,1,"extreme","harder",1
19,2,"extreme","harder",0
19,3,"extreme","harder",0
19,4,"extreme","harder",1
19,5,"extreme","harder",0
19,6,"extreme","harder",1
19,7,"extreme","harder",0
19,8,"extreme","harder",0
19,9,"extreme","harder",1
19,10,"extreme","harder",0
19,11,"extreme","harder",0
19,12,"extreme","harder",1
19,13,"extreme","harder",1
19,14,"extreme","harder",0
19,15,"extreme","harder",0
19,16,"extreme","harder",0
19,17,"extreme","harder",1
20,1,"moderate","easier",1
20,2,"moderate","easier",1
20,3,"moderate","easier",1
20,4,"moderate","easier",1
20,5,"moderate","easier",1
20,6,"moderate","easier",0
20,7,"moderate","easier",1
20,8,"moderate","easier",0
20,9,"moderate","easier",1
20,10,"moderate","easier",0
20,11,"moderate","easier",1
20,12,"moderate","easier",1
20,13,"moderate","easier",1
20,14,"moderate","easier",0
20,15,"moderate","easier",1
20,16,"moderate","easier",1
20,17,"moderate","easier",0
20,1,"extreme","easier",0
20,2,"extreme","easier",1
20,3,"extreme","easier",1
20,4,"extreme","easier",1
20,5,"extreme","easier",1
20,6,"extreme","easier",1
20,7,"extreme","easier",0
20,8,"extreme","easier",1
20,9,"extreme","easier",1
20,10,"extreme","easier",0
20,11,"extreme","easier",0
20,12,"extreme","easier",0
20,13,"extreme","easier",1
20,14,"extreme","easier",1
20,15,"extreme","easier",1
20,16,"extreme","easier",1
20,17,"extreme","easier",0
20,1,"moderate","harder",0
20,2,"moderate","harder",1
20,3,"moderate","harder",0
20,4,"moderate","harder",1
20,5,"moderate","harder",1
20,6,"moderate","harder",1
20,7,"moderate","harder",1
20,8,"moderate","harder",1
20,9,"moderate","harder",1
20,10,"moderate","harder",1
20,11,"moderate","harder",0
20,12,"moderate","harder",1
20,13,"moderate","harder",1
20,14,"moderate","harder",1
20,15,"moderate","harder",1
20,16,"moderate","harder",1
20,17,"moderate","harder",1
20,1,"extreme","harder",1
20,2,"extreme","harder",1
20,3,"extreme","harder",1
20,4,"extreme","harder",1
20,5,"extreme","harder",1
20,6,"extreme","harder",1
20,7,"extreme","harder",1
20,8,"extreme","harder",1
20,9,"extreme","harder",1
20,10,"extreme","harder",1
20,11,"extreme","harder",0
20,12,"extreme","harder",1
20,13,"extreme","harder",0
20,14,"extreme","harder",1
20,15,"extreme","harder",1
20,16,"extreme","harder",1
20,17,"extreme","harder",0
21,1,"moderate","easier",1
21,2,"moderate","easier",1
21,3,"moderate","easier",1
21,4,"moderate","easier",0
21,5,"moderate","easier",0
21,6,"moderate","easier",0
21,7,"moderate","easier",1
21,8,"moderate","easier",1
21,9,"moderate","easier",1
21,10,"moderate","easier",1
21,11,"moderate","easier",1
21,12,"moderate","easier",1
21,13,"moderate","easier",1
21,14,"moderate","easier",0
21,15,"moderate","easier",0
21,16,"moderate","easier",0
21,17,"moderate","easier",0
21,1,"extreme","easier",1
21,2,"extreme","easier",0
21,3,"extreme","easier",1
21,4,"extreme","easier",1
21,5,"extreme","easier",0
21,6,"extreme","easier",0
21,7,"extreme","easier",0
21,8,"extreme","easier",1
21,9,"extreme","easier",0
21,10,"extreme","easier",1
21,11,"extreme","easier",0
21,12,"extreme","easier",1
21,13,"extreme","easier",1
21,14,"extreme","easier",0
21,15,"extreme","easier",1
21,16,"extreme","easier",1
21,17,"extreme","easier",1
21,1,"moderate","harder",0
21,2,"moderate","harder",1
21,3,"moderate","harder",1
21,4,"moderate","harder",1
21,5,"moderate","harder",1
21,6,"moderate","harder",1
21,7,"moderate","harder",1
21,8,"moderate","harder",1
21,9,"moderate","harder",1
21,10,"moderate","harder",1
21,11,"moderate","harder",1
21,12,"moderate","harder",1
21,13,"moderate","harder",1
21,14,"moderate","harder",1
21,15,"moderate","harder",1
21,16,"moderate","harder",1
21,17,"moderate","harder",1
21,1,"extreme","harder",1
21,2,"extreme","harder",1
21,3,"extreme","harder",1
21,4,"extreme","harder",1
21,5,"extreme","harder",1
21,6,"extreme","harder",1
21,7,"extreme","harder",1
21,8,"extreme","harder",0
21,9,"extreme","harder",1
21,10,"extreme","harder",0
21,11,"extreme","harder",1
21,12,"extreme","harder",1
21,13,"extreme","harder",1
21,14,"extreme","harder",1
21,15,"extreme","harder",1
21,16,"extreme","harder",1
21,17,"extreme","harder",1
22,1,"moderate","easier",1
22,2,"moderate","easier",1
22,3,"moderate","easier",0
22,4,"moderate","easier",1
22,5,"moderate","easier",1
22,6,"moderate","easier",1
22,7,"moderate","easier",1
22,8,"moderate","easier",1
22,9,"moderate","easier",1
22,10,"moderate","easier",1
22,11,"moderate","easier",1
22,12,"moderate","easier",1
22,13,"moderate","easier",0
22,14,"moderate","easier",0
22,15,"moderate","easier",0
22,16,"moderate","easier",1
22,17,"moderate","easier",1
22,1,"extreme","easier",1
22,2,"extreme","easier",1
22,3,"extreme","easier",1
22,4,"extreme","easier",1
22,5,"extreme","easier",1
22,6,"extreme","easier",1
22,7,"extreme","easier",1
22,8,"extreme","easier",1
22,9,"extreme","easier",1
22,10,"extreme","easier",1
22,11,"extreme","easier",1
22,12,"extreme","easier",1
22,13,"extreme","easier",1
22,14,"extreme","easier",0
22,15,"extreme","easier",1
22,16,"extreme","easier",1
22,17,"extreme","easier",1
22,1,"moderate","harder",1
22,2,"moderate","harder",1
22,3,"moderate","harder",1
22,4,"moderate","harder",1
22,5,"moderate","harder",1
22,6,"moderate","harder",1
22,7,"moderate","harder",1
22,8,"moderate","harder",1
22,9,"moderate","harder",1
22,10,"moderate","harder",1
22,11,"moderate","harder",1
22,12,"moderate","harder",1
22,13,"moderate","harder",1
22,14,"moderate","harder",1
22,15,"moderate","harder",1
22,16,"moderate","harder",1
22,17,"moderate","harder",1
22,1,"extreme","harder",1
22,2,"extreme","harder",1
22,3,"extreme","harder",1
22,4,"extreme","harder",1
22,5,"extreme","harder",0
22,6,"extreme","harder",1
22,7,"extreme","harder",1
22,8,"extreme","harder",1
22,9,"extreme","harder",1
22,10,"extreme","harder",1
22,11,"extreme","harder",1
22,12,"extreme","harder",1
22,13,"extreme","harder",1
22,14,"extreme","harder",1
22,15,"extreme","harder",1
22,16,"extreme","harder",1
22,17,"extreme","harder",1
23,1,"moderate","easier",1
23,2,"moderate","easier",0
23,3,"moderate","easier",0
23,4,"moderate","easier",0
23,5,"moderate","easier",0
23,6,"moderate","easier",0
23,7,"moderate","easier",1
23,8,"moderate","easier",0
23,9,"moderate","easier",0
23,10,"moderate","easier",0
23,11,"moderate","easier",0
23,12,"moderate","easier",0
23,13,"moderate","easier",0
23,14,"moderate","easier",1
23,15,"moderate","easier",0
23,16,"moderate","easier",0
23,17,"moderate","easier",0
23,1,"extreme","easier",0
23,2,"extreme","easier",0
23,3,"extreme","easier",1
23,4,"extreme","easier",0
23,5,"extreme","easier",0
23,6,"extreme","easier",1
23,7,"extreme","easier",0
23,8,"extreme","easier",0
23,9,"extreme","easier",0
23,10,"extreme","easier",1
23,11,"extreme","easier",1
23,12,"extreme","easier",0
23,13,"extreme","easier",0
23,14,"extreme","easier",0
23,15,"extreme","easier",0
23,16,"extreme","easier",0
23,17,"extreme","easier",0
23,1,"moderate","harder",1
23,2,"moderate","harder",0
23,3,"moderate","harder",1
23,4,"moderate","harder",0
23,5,"moderate","harder",0
23,6,"moderate","harder",0
23,7,"moderate","harder",1
23,8,"moderate","harder",1
23,9,"moderate","harder",0
23,10,"moderate","harder",1
23,11,"moderate","harder",0
23,12,"moderate","harder",1
23,13,"moderate","harder",0
23,14,"moderate","harder",0
23,15,"moderate","harder",0
23,16,"moderate","harder",1
23,17,"moderate","harder",0
23,1,"extreme","harder",0
23,2,"extreme","harder",1
23,3,"extreme","harder",0
23,4,"extreme","harder",0
23,5,"extreme","harder",0
23,6,"extreme","harder",0
23,7,"extreme","harder",1
23,8,"extreme","harder",0
23,9,"extreme","harder",0
23,10,"extreme","harder",1
23,11,"extreme","harder",0
23,12,"extreme","harder",1
23,13,"extreme","harder",0
23,14,"extreme","harder",1
23,15,"extreme","harder",0
23,16,"extreme","harder",1
23,17,"extreme","harder",0
24,1,"moderate","easier",0
24,2,"moderate","easier",1
24,3,"moderate","easier",1
24,4,"moderate","easier",1
24,5,"moderate","easier",1
24,6,"moderate","easier",1
24,7,"moderate","easier",1
24,8,"moderate","easier",1
24,9,"moderate","easier",1
24,10,"moderate","easier",0
24,11,"moderate","easier",1
24,12,"moderate","easier",1
24,13,"moderate","easier",1
24,14,"moderate","easier",1
24,15,"moderate","easier",1
24,16,"moderate","easier",1
24,17,"moderate","easier",1
24,1,"extreme","easier",1
24,2,"extreme","easier",1
24,3,"extreme","easier",1
24,4,"extreme","easier",1
24,5,"extreme","easier",1
24,6,"extreme","easier",1
24,7,"extreme","easier",1
24,8,"extreme","easier",1
24,9,"extreme","easier",1
24,10,"extreme","easier",1
24,11,"extreme","easier",1
24,12,"extreme","easier",1
24,13,"extreme","easier",1
24,14,"extreme","easier",1
24,15,"extreme","easier",1
24,16,"extreme","easier",1
24,17,"extreme","easier",0
24,1,"moderate","harder",1
24,2,"moderate","harder",1
24,3,"moderate","harder",1
24,4,"moderate","harder",1
24,5,"moderate","harder",1
24,6,"moderate","harder",1
24,7,"moderate","harder",1
24,8,"moderate","harder",1
24,9,"moderate","harder",1
24,10,"moderate","harder",1
24,11,"moderate","harder",1
24,12,"moderate","harder",1
24,13,"moderate","harder",1
24,14,"moderate","harder",1
24,15,"moderate","harder",1
24,16,"moderate","harder",1
24,17,"moderate","harder",1
24,1,"extreme","harder",1
24,2,"extreme","harder",1
24,3,"extreme","harder",0
24,4,"extreme","harder",1
24,5,"extreme","harder",1
24,6,"extreme","harder",1
24,7,"extreme","harder",1
24,8,"extreme","harder",1
24,9,"extreme","harder",1
24,10,"extreme","harder",1
24,11,"extreme","harder",1
24,12,"extreme","harder",1
24,13,"extreme","harder",1
24,14,"extreme","harder",1
24,15,"extreme","harder",1
24,16,"extreme","harder",1
24,17,"extreme","harder",1
25,1,"moderate","easier",0
25,2,"moderate","easier",1
25,3,"moderate","easier",1
25,4,"moderate","easier",1
25,5,"moderate","easier",1
25,6,"moderate","easier",0
25,7,"moderate","easier",1
25,8,"moderate","easier",0
25,9,"moderate","easier",0
25,10,"moderate","easier",0
25,11,"moderate","easier",0
25,12,"moderate","easier",1
25,13,"moderate","easier",0
25,14,"moderate","easier",0
25,15,"moderate","easier",1
25,16,"moderate","easier",0
25,17,"moderate","easier",0
25,1,"extreme","easier",0
25,2,"extreme","easier",0
25,3,"extreme","easier",0
25,4,"extreme","easier",0
25,5,"extreme","easier",0
25,6,"extreme","easier",0
25,7,"extreme","easier",1
25,8,"extreme","easier",0
25,9,"extreme","easier",0
25,10,"extreme","easier",0
25,11,"extreme","easier",0
25,12,"extreme","easier",0
25,13,"extreme","easier",0
25,14,"extreme","easier",0
25,15,"extreme","easier",0
25,16,"extreme","easier",1
25,17,"extreme","easier",1
25,1,"moderate","harder",1
25,2,"moderate","harder",0
25,3,"moderate","harder",1
25,4,"moderate","harder",1
25,5,"moderate","harder",0
25,6,"moderate","harder",1
25,7,"moderate","harder",1
25,8,"moderate","harder",1
25,9,"moderate","harder",1
25,10,"moderate","harder",1
25,11,"moderate","harder",1
25,12,"moderate","harder",1
25,13,"moderate","harder",1
25,14,"moderate","harder",0
25,15,"moderate","harder",0
25,16,"moderate","harder",1
25,17,"moderate","harder",1
25,1,"extreme","harder",1
25,2,"extreme","harder",1
25,3,"extreme","harder",1
25,4,"extreme","harder",0
25,5,"extreme","harder",1
25,6,"extreme","harder",0
25,7,"extreme","harder",1
25,8,"extreme","harder",1
25,9,"extreme","harder",1
25,10,"extreme","harder",1
25,11,"extreme","harder",1
25,12,"extreme","harder",1
25,13,"extreme","harder",1
25,14,"extreme","harder",0
25,15,"extreme","harder",0
25,16,"extreme","harder",1
25,17,"extreme","harder",1
26,1,"moderate","easier",1
26,2,"moderate","easier",1
26,3,"moderate","easier",0
26,4,"moderate","easier",0
26,5,"moderate","easier",1
26,6,"moderate","easier",1
26,7,"moderate","easier",0
26,8,"moderate","easier",1
26,9,"moderate","easier",1
26,10,"moderate","easier",0
26,11,"moderate","easier",1
26,12,"moderate","easier",1
26,13,"moderate","easier",1
26,14,"moderate","easier",0
26,15,"moderate","easier",1
26,16,"moderate","easier",1
26,17,"moderate","easier",0
26,1,"extreme","easier",0
26,2,"extreme","easier",1
26,3,"extreme","easier",1
26,4,"extreme","easier",1
26,5,"extreme","easier",1
26,6,"extreme","easier",0
26,7,"extreme","easier",1
26,8,"extreme","easier",0
26,9,"extreme","easier",1
26,10,"extreme","easier",0
26,11,"extreme","easier",1
26,12,"extreme","easier",1
26,13,"extreme","easier",0
26,14,"extreme","easier",0
26,15,"extreme","easier",1
26,16,"extreme","easier",0
26,17,"extreme","easier",1
26,1,"moderate","harder",1
26,2,"moderate","harder",0
26,3,"moderate","harder",0
26,4,"moderate","harder",1
26,5,"moderate","harder",1
26,6,"moderate","harder",1
26,7,"moderate","harder",1
26,8,"moderate","harder",1
26,9,"moderate","harder",1
26,10,"moderate","harder",1
26,11,"moderate","harder",1
26,12,"moderate","harder",0
26,13,"moderate","harder",1
26,14,"moderate","harder",0
26,15,"moderate","harder",1
26,16,"moderate","harder",1
26,17,"moderate","harder",1
26,1,"extreme","harder",0
26,2,"extreme","harder",0
26,3,"extreme","harder",1
26,4,"extreme","harder",1
26,5,"extreme","harder",0
26,6,"extreme","harder",1
26,7,"extreme","harder",1
26,8,"extreme","harder",0
26,9,"extreme","harder",1
26,10,"extreme","harder",1
26,11,"extreme","harder",1
26,12,"extreme","harder",1
26,13,"extreme","harder",1
26,14,"extreme","harder",1
26,15,"extreme","harder",1
26,16,"extreme","harder",1
26,17,"extreme","harder",1
27,1,"moderate","easier",0
27,2,"moderate","easier",1
27,3,"moderate","easier",1
27,4,"moderate","easier",0
27,5,"moderate","easier",1
27,6,"moderate","easier",1
27,7,"moderate","easier",1
27,8,"moderate","easier",1
27,9,"moderate","easier",1
27,10,"moderate","easier",1
27,11,"moderate","easier",0
27,12,"moderate","easier",0
27,13,"moderate","easier",1
27,14,"moderate","easier",1
27,15,"moderate","easier",0
27,16,"moderate","easier",0
27,17,"moderate","easier",0
27,1,"extreme","easier",1
27,2,"extreme","easier",1
27,3,"extreme","easier",0
27,4,"extreme","easier",0
27,5,"extreme","easier",1
27,6,"extreme","easier",1
27,7,"extreme","easier",1
27,8,"extreme","easier",1
27,9,"extreme","easier",0
27,10,"extreme","easier",1
27,11,"extreme","easier",1
27,12,"extreme","easier",1
27,13,"extreme","easier",1
27,14,"extreme","easier",1
27,15,"extreme","easier",1
27,16,"extreme","easier",1
27,17,"extreme","easier",1
27,1,"moderate","harder",1
27,2,"moderate","harder",1
27,3,"moderate","harder",1
27,4,"moderate","harder",1
27,5,"moderate","harder",1
27,6,"moderate","harder",1
27,7,"moderate","harder",1
27,8,"moderate","harder",1
27,9,"moderate","harder",1
27,10,"moderate","harder",1
27,11,"moderate","harder",1
27,12,"moderate","harder",1
27,13,"moderate","harder",1
27,14,"moderate","harder",1
27,15,"moderate","harder",1
27,16,"moderate","harder",1
27,17,"moderate","harder",1
27,1,"extreme","harder",1
27,2,"extreme","harder",1
27,3,"extreme","harder",1
27,4,"extreme","harder",1
27,5,"extreme","harder",1
27,6,"extreme","harder",1
27,7,"extreme","harder",1
27,8,"extreme","harder",1
27,9,"extreme","harder",1
27,10,"extreme","harder",1
27,11,"extreme","harder",1
27,12,"extreme","harder",1
27,13,"extreme","harder",1
27,14,"extreme","harder",1
27,15,"extreme","harder",1
27,16,"extreme","harder",1
27,17,"extreme","harder",1
28,1,"moderate","easier",1
28,2,"moderate","easier",1
28,3,"moderate","easier",1
28,4,"moderate","easier",1
28,5,"moderate","easier",1
28,6,"moderate","easier",1
28,7,"moderate","easier",1
28,8,"moderate","easier",1
28,9,"moderate","easier",1
28,10,"moderate","easier",1
28,11,"moderate","easier",1
28,12,"moderate","easier",1
28,13,"moderate","easier",1
28,14,"moderate","easier",1
28,15,"moderate","easier",1
28,16,"moderate","easier",0
28,17,"moderate","easier",1
28,1,"extreme","easier",1
28,2,"extreme","easier",0
28,3,"extreme","easier",1
28,4,"extreme","easier",0
28,5,"extreme","easier",1
28,6,"extreme","easier",1
28,7,"extreme","easier",1
28,8,"extreme","easier",1
28,9,"extreme","easier",1
28,10,"extreme","easier",1
28,11,"extreme","easier",1
28,12,"extreme","easier",1
28,13,"extreme","easier",1
28,14,"extreme","easier",1
28,15,"extreme","easier",1
28,16,"extreme","easier",1
28,17,"extreme","easier",1
28,1,"moderate","harder",1
28,2,"moderate","harder",1
28,3,"moderate","harder",1
28,4,"moderate","harder",1
28,5,"moderate","harder",1
28,6,"moderate","harder",1
28,7,"moderate","harder",1
28,8,"moderate","harder",1
28,9,"moderate","harder",1
28,10,"moderate","harder",1
28,11,"moderate","harder",1
28,12,"moderate","harder",1
28,13,"moderate","harder",1
28,14,"moderate","harder",1
28,15,"moderate","harder",1
28,16,"moderate","harder",1
28,17,"moderate","harder",1
28,1,"extreme","harder",1
28,2,"extreme","harder",1
28,3,"extreme","harder",1
28,4,"extreme","harder",0
28,5,"extreme","harder",1
28,6,"extreme","harder",1
28,7,"extreme","harder",1
28,8,"extreme","harder",1
28,9,"extreme","harder",1
28,10,"extreme","harder",1
28,11,"extreme","harder",1
28,12,"extreme","harder",1
28,13,"extreme","harder",1
28,14,"extreme","harder",1
28,15,"extreme","harder",0
28,16,"extreme","harder",1
28,17,"extreme","harder",1
29,1,"moderate","easier",0
29,2,"moderate","easier",0
29,3,"moderate","easier",0
29,4,"moderate","easier",0
29,5,"moderate","easier",0
29,6,"moderate","easier",0
29,7,"moderate","easier",0
29,8,"moderate","easier",0
29,9,"moderate","easier",0
29,10,"moderate","easier",1
29,11,"moderate","easier",0
29,12,"moderate","easier",0
29,13,"moderate","easier",0
29,14,"moderate","easier",0
29,15,"moderate","easier",0
29,16,"moderate","easier",0
29,17,"moderate","easier",0
29,1,"extreme","easier",0
29,2,"extreme","easier",0
29,3,"extreme","easier",0
29,4,"extreme","easier",0
29,5,"extreme","easier",0
29,6,"extreme","easier",0
29,7,"extreme","easier",0
29,8,"extreme","easier",0
29,9,"extreme","easier",0
29,10,"extreme","easier",0
29,11,"extreme","easier",0
29,12,"extreme","easier",0
29,13,"extreme","easier",0
29,14,"extreme","easier",0
29,15,"extreme","easier",0
29,16,"extreme","easier",0
29,17,"extreme","easier",0
29,1,"moderate","harder",0
29,2,"moderate","harder",0
29,3,"moderate","harder",0
29,4,"moderate","harder",0
29,5,"moderate","harder",0
29,6,"moderate","harder",0
29,7,"moderate","harder",0
29,8,"moderate","harder",0
29,9,"moderate","harder",0
29,10,"moderate","harder",0
29,11,"moderate","harder",0
29,12,"moderate","harder",0
29,13,"moderate","harder",0
29,14,"moderate","harder",0
29,15,"moderate","harder",0
29,16,"moderate","harder",0
29,17,"moderate","harder",0
29,1,"extreme","harder",0
29,2,"extreme","harder",0
29,3,"extreme","harder",0
29,4,"extreme","harder",0
29,5,"extreme","harder",0
29,6,"extreme","harder",0
29,7,"extreme","harder",1
29,8,"extreme","harder",0
29,9,"extreme","harder",0
29,10,"extreme","harder",0
29,11,"extreme","harder",0
29,12,"extreme","harder",0
29,13,"extreme","harder",0
29,14,"extreme","harder",1
29,15,"extreme","harder",0
29,16,"extreme","harder",0
29,17,"extreme","harder",0
30,1,"moderate","easier",0
30,2,"moderate","easier",1
30,3,"moderate","easier",1
30,4,"moderate","easier",1
30,5,"moderate","easier",1
30,6,"moderate","easier",1
30,7,"moderate","easier",1
30,8,"moderate","easier",1
30,9,"moderate","easier",1
30,10,"moderate","easier",1
30,11,"moderate","easier",1
30,12,"moderate","easier",1
30,13,"moderate","easier",1
30,14,"moderate","easier",1
30,15,"moderate","easier",1
30,16,"moderate","easier",1
30,17,"moderate","easier",0
30,1,"extreme","easier",1
30,2,"extreme","easier",1
30,3,"extreme","easier",1
30,4,"extreme","easier",1
30,5,"extreme","easier",1
30,6,"extreme","easier",1
30,7,"extreme","easier",1
30,8,"extreme","easier",0
30,9,"extreme","easier",1
30,10,"extreme","easier",1
30,11,"extreme","easier",1
30,12,"extreme","easier",0
30,13,"extreme","easier",1
30,14,"extreme","easier",1
30,15,"extreme","easier",1
30,16,"extreme","easier",1
30,17,"extreme","easier",0
30,1,"moderate","harder",1
30,2,"moderate","harder",1
30,3,"moderate","harder",1
30,4,"moderate","harder",1
30,5,"moderate","harder",1
30,6,"moderate","harder",1
30,7,"moderate","harder",1
30,8,"moderate","harder",1
30,9,"moderate","harder",1
30,10,"moderate","harder",1
30,11,"moderate","harder",1
30,12,"moderate","harder",1
30,13,"moderate","harder",1
30,14,"moderate","harder",1
30,15,"moderate","harder",1
30,16,"moderate","harder",1
30,17,"moderate","harder",1
30,1,"extreme","harder",1
30,2,"extreme","harder",1
30,3,"extreme","harder",1
30,4,"extreme","harder",1
30,5,"extreme","harder",1
30,6,"extreme","harder",1
30,7,"extreme","harder",1
30,8,"extreme","harder",1
30,9,"extreme","harder",1
30,10,"extreme","harder",1
30,11,"extreme","harder",1
30,12,"extreme","harder",1
30,13,"extreme","harder",1
30,14,"extreme","harder",1
30,15,"extreme","harder",1
30,16,"extreme","harder",1
30,17,"extreme","harder",1
31,1,"moderate","easier",0
31,2,"moderate","easier",0
31,3,"moderate","easier",0
31,4,"moderate","easier",0
31,5,"moderate","easier",0
31,6,"moderate","easier",0
31,7,"moderate","easier",0
31,8,"moderate","easier",0
31,9,"moderate","easier",0
31,10,"moderate","easier",0
31,11,"moderate","easier",0
31,12,"moderate","easier",0
31,13,"moderate","easier",0
31,14,"moderate","easier",0
31,15,"moderate","easier",0
31,16,"moderate","easier",0
31,17,"moderate","easier",0
31,1,"extreme","easier",0
31,2,"extreme","easier",0
31,3,"extreme","easier",0
31,4,"extreme","easier",0
31,5,"extreme","easier",0
31,6,"extreme","easier",0
31,7,"extreme","easier",0
31,8,"extreme","easier",0
31,9,"extreme","easier",0
31,10,"extreme","easier",0
31,11,"extreme","easier",0
31,12,"extreme","easier",0
31,13,"extreme","easier",0
31,14,"extreme","easier",0
31,15,"extreme","easier",0
31,16,"extreme","easier",0
31,17,"extreme","easier",0
31,1,"moderate","harder",0
31,2,"moderate","harder",0
31,3,"moderate","harder",0
31,4,"moderate","harder",0
31,5,"moderate","harder",0
31,6,"moderate","harder",0
31,7,"moderate","harder",0
31,8,"moderate","harder",0
31,9,"moderate","harder",0
31,10,"moderate","harder",0
31,11,"moderate","harder",0
31,12,"moderate","harder",0
31,13,"moderate","harder",0
31,14,"moderate","harder",0
31,15,"moderate","harder",0
31,16,"moderate","harder",0
31,17,"moderate","harder",0
31,1,"extreme","harder",0
31,2,"extreme","harder",0
31,3,"extreme","harder",0
31,4,"extreme","harder",0
31,5,"extreme","harder",0
31,6,"extreme","harder",0
31,7,"extreme","harder",0
31,8,"extreme","harder",0
31,9,"extreme","harder",0
31,10,"extreme","harder",0
31,11,"extreme","harder",0
31,12,"extreme","harder",0
31,13,"extreme","harder",0
31,14,"extreme","harder",0
31,15,"extreme","harder",0
31,16,"extreme","harder",0
31,17,"extreme","harder",0
32,1,"moderate","easier",1
32,2,"moderate","easier",1
32,3,"moderate","easier",1
32,4,"moderate","easier",1
32,5,"moderate","easier",0
32,6,"moderate","easier",1
32,7,"moderate","easier",1
32,8,"moderate","easier",1
32,9,"moderate","easier",1
32,10,"moderate","easier",1
32,11,"moderate","easier",1
32,12,"moderate","easier",1
32,13,"moderate","easier",1
32,14,"moderate","easier",1
32,15,"moderate","easier",1
32,16,"moderate","easier",1
32,17,"moderate","easier",0
32,1,"extreme","easier",0
32,2,"extreme","easier",1
32,3,"extreme","easier",0
32,4,"extreme","easier",1
32,5,"extreme","easier",0
32,6,"extreme","easier",1
32,7,"extreme","easier",0
32,8,"extreme","easier",0
32,9,"extreme","easier",1
32,10,"extreme","easier",1
32,11,"extreme","easier",1
32,12,"extreme","easier",1
32,13,"extreme","easier",0
32,14,"extreme","easier",1
32,15,"extreme","easier",1
32,16,"extreme","easier",1
32,17,"extreme","easier",1
32,1,"moderate","harder",1
32,2,"moderate","harder",1
32,3,"moderate","harder",1
32,4,"moderate","harder",1
32,5,"moderate","harder",1
32,6,"moderate","harder",1
32,7,"moderate","harder",0
32,8,"moderate","harder",1
32,9,"moderate","harder",1
32,10,"moderate","harder",1
32,11,"moderate","harder",1
32,12,"moderate","harder",1
32,13,"moderate","harder",1
32,14,"moderate","harder",1
32,15,"moderate","harder",1
32,16,"moderate","harder",1
32,17,"moderate","harder",1
32,1,"extreme","harder",1
32,2,"extreme","harder",1
32,3,"extreme","harder",0
32,4,"extreme","harder",1
32,5,"extreme","harder",1
32,6,"extreme","harder",1
32,7,"extreme","harder",0
32,8,"extreme","harder",1
32,9,"extreme","harder",1
32,10,"extreme","harder",1
32,11,"extreme","harder",1
32,12,"extreme","harder",1
32,13,"extreme","harder",0
32,14,"extreme","harder",1
32,15,"extreme","harder",1
32,16,"extreme","harder",1
32,17,"extreme","harder",1
33,1,"moderate","easier",0
33,2,"moderate","easier",1
33,3,"moderate","easier",0
33,4,"moderate","easier",0
33,5,"moderate","easier",0
33,6,"moderate","easier",0
33,7,"moderate","easier",0
33,8,"moderate","easier",0
33,9,"moderate","easier",0
33,10,"moderate","easier",0
33,11,"moderate","easier",0
33,12,"moderate","easier",0
33,13,"moderate","easier",0
33,14,"moderate","easier",0
33,15,"moderate","easier",0
33,16,"moderate","easier",0
33,17,"moderate","easier",0
33,1,"extreme","easier",0
33,2,"extreme","easier",0
33,3,"extreme","easier",0
33,4,"extreme","easier",0
33,5,"extreme","easier",0
33,6,"extreme","easier",0
33,7,"extreme","easier",0
33,8,"extreme","easier",0
33,9,"extreme","easier",0
33,10,"extreme","easier",0
33,11,"extreme","easier",0
33,12,"extreme","easier",0
33,13,"extreme","easier",0
33,14,"extreme","easier",0
33,15,"extreme","easier",0
33,16,"extreme","easier",0
33,17,"extreme","easier",0
33,1,"moderate","harder",0
33,2,"moderate","harder",1
33,3,"moderate","harder",0
33,4,"moderate","harder",0
33,5,"moderate","harder",0
33,6,"moderate","harder",0
33,7,"moderate","harder",0
33,8,"moderate","harder",0
33,9,"moderate","harder",0
33,10,"moderate","harder",0
33,11,"moderate","harder",0
33,12,"moderate","harder",1
33,13,"moderate","harder",0
33,14,"moderate","harder",0
33,15,"moderate","harder",0
33,16,"moderate","harder",0
33,17,"moderate","harder",0
33,1,"extreme","harder",0
33,2,"extreme","harder",0
33,3,"extreme","harder",0
33,4,"extreme","harder",0
33,5,"extreme","harder",0
33,6,"extreme","harder",0
33,7,"extreme","harder",0
33,8,"extreme","harder",0
33,9,"extreme","harder",0
33,10,"extreme","harder",0
33,11,"extreme","harder",0
33,12,"extreme","harder",0
33,13,"extreme","harder",1
33,14,"extreme","harder",1
33,15,"extreme","harder",0
33,16,"extreme","harder",0
33,17,"extreme","harder",0
34,1,"moderate","easier",0
34,2,"moderate","easier",0
34,3,"moderate","easier",0
34,4,"moderate","easier",0
34,5,"moderate","easier",0
34,6,"moderate","easier",0
34,7,"moderate","easier",0
34,8,"moderate","easier",0
34,9,"moderate","easier",0
34,10,"moderate","easier",0
34,11,"moderate","easier",0
34,12,"moderate","easier",0
34,13,"moderate","easier",0
34,14,"moderate","easier",0
34,15,"moderate","easier",0
34,16,"moderate","easier",0
34,17,"moderate","easier",0
34,1,"extreme","easier",0
34,2,"extreme","easier",0
34,3,"extreme","easier",0
34,4,"extreme","easier",0
34,5,"extreme","easier",0
34,6,"extreme","easier",0
34,7,"extreme","easier",0
34,8,"extreme","easier",0
34,9,"extreme","easier",0
34,10,"extreme","easier",0
34,11,"extreme","easier",0
34,12,"extreme","easier",0
34,13,"extreme","easier",0
34,14,"extreme","easier",0
34,15,"extreme","easier",0
34,16,"extreme","easier",0
34,17,"extreme","easier",0
34,1,"moderate","harder",0
34,2,"moderate","harder",1
34,3,"moderate","harder",0
34,4,"moderate","harder",0
34,5,"moderate","harder",0
34,6,"moderate","harder",0
34,7,"moderate","harder",0
34,8,"moderate","harder",0
34,9,"moderate","harder",0
34,10,"moderate","harder",0
34,11,"moderate","harder",0
34,12,"moderate","harder",0
34,13,"moderate","harder",0
34,14,"moderate","harder",0
34,15,"moderate","harder",0
34,16,"moderate","harder",0
34,17,"moderate","harder",0
34,1,"extreme","harder",0
34,2,"extreme","harder",0
34,3,"extreme","harder",0
34,4,"extreme","harder",0
34,5,"extreme","harder",0
34,6,"extreme","harder",0
34,7,"extreme","harder",0
34,8,"extreme","harder",0
34,9,"extreme","harder",0
34,10,"extreme","harder",0
34,11,"extreme","harder",0
34,12,"extreme","harder",0
34,13,"extreme","harder",0
34,14,"extreme","harder",0
34,15,"extreme","harder",0
34,16,"extreme","harder",0
34,17,"extreme","harder",0
35,1,"moderate","easier",1
35,2,"moderate","easier",1
35,3,"moderate","easier",1
35,4,"moderate","easier",0
35,5,"moderate","easier",1
35,6,"moderate","easier",0
35,7,"moderate","easier",1
35,8,"moderate","easier",0
35,9,"moderate","easier",0
35,10,"moderate","easier",1
35,11,"moderate","easier",1
35,12,"moderate","easier",1
35,13,"moderate","easier",1
35,14,"moderate","easier",1
35,15,"moderate","easier",1
35,16,"moderate","easier",1
35,17,"moderate","easier",0
35,1,"extreme","easier",1
35,2,"extreme","easier",0
35,3,"extreme","easier",1
35,4,"extreme","easier",0
35,5,"extreme","easier",1
35,6,"extreme","easier",0
35,7,"extreme","easier",1
35,8,"extreme","easier",1
35,9,"extreme","easier",0
35,10,"extreme","easier",0
35,11,"extreme","easier",1
35,12,"extreme","easier",0
35,13,"extreme","easier",1
35,14,"extreme","easier",1
35,15,"extreme","easier",1
35,16,"extreme","easier",0
35,17,"extreme","easier",1
35,1,"moderate","harder",1
35,2,"moderate","harder",1
35,3,"moderate","harder",1
35,4,"moderate","harder",1
35,5,"moderate","harder",0
35,6,"moderate","harder",1
35,7,"moderate","harder",1
35,8,"moderate","harder",1
35,9,"moderate","harder",1
35,10,"moderate","harder",1
35,11,"moderate","harder",1
35,12,"moderate","harder",1
35,13,"moderate","harder",1
35,14,"moderate","harder",1
35,15,"moderate","harder",1
35,16,"moderate","harder",1
35,17,"moderate","harder",1
35,1,"extreme","harder",1
35,2,"extreme","harder",1
35,3,"extreme","harder",1
35,4,"extreme","harder",1
35,5,"extreme","harder",1
35,6,"extreme","harder",1
35,7,"extreme","harder",1
35,8,"extreme","harder",1
35,9,"extreme","harder",1
35,10,"extreme","harder",0
35,11,"extreme","harder",0
35,12,"extreme","harder",1
35,13,"extreme","harder",1
35,14,"extreme","harder",1
35,15,"extreme","harder",1
35,16,"extreme","harder",1
35,17,"extreme","harder",1
36,1,"moderate","easier",1
36,2,"moderate","easier",1
36,3,"moderate","easier",0
36,4,"moderate","easier",1
36,5,"moderate","easier",1
36,6,"moderate","easier",1
36,7,"moderate","easier",0
36,8,"moderate","easier",1
36,9,"moderate","easier",0
36,10,"moderate","easier",1
36,11,"moderate","easier",1
36,12,"moderate","easier",1
36,13,"moderate","easier",1
36,14,"moderate","easier",1
36,15,"moderate","easier",1
36,16,"moderate","easier",1
36,17,"moderate","easier",1
36,1,"extreme","easier",1
36,2,"extreme","easier",1
36,3,"extreme","easier",1
36,4,"extreme","easier",1
36,5,"extreme","easier",1
36,6,"extreme","easier",1
36,7,"extreme","easier",1
36,8,"extreme","easier",1
36,9,"extreme","easier",1
36,10,"extreme","easier",1
36,11,"extreme","easier",1
36,12,"extreme","easier",1
36,13,"extreme","easier",1
36,14,"extreme","easier",1
36,15,"extreme","easier",0
36,16,"extreme","easier",1
36,17,"extreme","easier",0
36,1,"moderate","harder",1
36,2,"moderate","harder",1
36,3,"moderate","harder",1
36,4,"moderate","harder",1
36,5,"moderate","harder",1
36,6,"moderate","harder",1
36,7,"moderate","harder",1
36,8,"moderate","harder",1
36,9,"moderate","harder",1
36,10,"moderate","harder",1
36,11,"moderate","harder",1
36,12,"moderate","harder",1
36,13,"moderate","harder",1
36,14,"moderate","harder",1
36,15,"moderate","harder",1
36,16,"moderate","harder",1
36,17,"moderate","harder",1
36,1,"extreme","harder",1
36,2,"extreme","harder",1
36,3,"extreme","harder",1
36,4,"extreme","harder",1
36,5,"extreme","harder",1
36,6,"extreme","harder",1
36,7,"extreme","harder",1
36,8,"extreme","harder",1
36,9,"extreme","harder",1
36,10,"extreme","harder",1
36,11,"extreme","harder",1
36,12,"extreme","harder",1
36,13,"extreme","harder",1
36,14,"extreme","harder",1
36,15,"extreme","harder",1
36,16,"extreme","harder",1
36,17,"extreme","harder",1
37,1,"moderate","easier",0
37,2,"moderate","easier",0
37,3,"moderate","easier",0
37,4,"moderate","easier",0
37,5,"moderate","easier",1
37,6,"moderate","easier",0
37,7,"moderate","easier",0
37,8,"moderate","easier",0
37,9,"moderate","easier",0
37,10,"moderate","easier",0
37,11,"moderate","easier",0
37,12,"moderate","easier",0
37,13,"moderate","easier",0
37,14,"moderate","easier",0
37,15,"moderate","easier",0
37,16,"moderate","easier",0
37,17,"moderate","easier",0
37,1,"extreme","easier",0
37,2,"extreme","easier",0
37,3,"extreme","easier",0
37,4,"extreme","easier",0
37,5,"extreme","easier",0
37,6,"extreme","easier",0
37,7,"extreme","easier",0
37,8,"extreme","easier",0
37,9,"extreme","easier",0
37,10,"extreme","easier",0
37,11,"extreme","easier",0
37,12,"extreme","easier",0
37,13,"extreme","easier",0
37,14,"extreme","easier",0
37,15,"extreme","easier",0
37,16,"extreme","easier",0
37,17,"extreme","easier",0
37,1,"moderate","harder",0
37,2,"moderate","harder",1
37,3,"moderate","harder",0
37,4,"moderate","harder",0
37,5,"moderate","harder",0
37,6,"moderate","harder",0
37,7,"moderate","harder",0
37,8,"moderate","harder",0
37,9,"moderate","harder",1
37,10,"moderate","harder",0
37,11,"moderate","harder",0
37,12,"moderate","harder",0
37,13,"moderate","harder",0
37,14,"moderate","harder",0
37,15,"moderate","harder",0
37,16,"moderate","harder",0
37,17,"moderate","harder",1
37,1,"extreme","harder",0
37,2,"extreme","harder",0
37,3,"extreme","harder",0
37,4,"extreme","harder",0
37,5,"extreme","harder",0
37,6,"extreme","harder",0
37,7,"extreme","harder",1
37,8,"extreme","harder",1
37,9,"extreme","harder",0
37,10,"extreme","harder",0
37,11,"extreme","harder",0
37,12,"extreme","harder",0
37,13,"extreme","harder",0
37,14,"extreme","harder",1
37,15,"extreme","harder",0
37,16,"extreme","harder",0
37,17,"extreme","harder",0
38,1,"moderate","easier",0
38,2,"moderate","easier",0
38,3,"moderate","easier",0
38,4,"moderate","easier",0
38,5,"moderate","easier",0
38,6,"moderate","easier",0
38,7,"moderate","easier",0
38,8,"moderate","easier",0
38,9,"moderate","easier",0
38,10,"moderate","easier",0
38,11,"moderate","easier",0
38,12,"moderate","easier",0
38,13,"moderate","easier",0
38,14,"moderate","easier",0
38,15,"moderate","easier",0
38,16,"moderate","easier",0
38,17,"moderate","easier",0
38,1,"extreme","easier",0
38,2,"extreme","easier",0
38,3,"extreme","easier",0
38,4,"extreme","easier",0
38,5,"extreme","easier",0
38,6,"extreme","easier",0
38,7,"extreme","easier",0
38,8,"extreme","easier",0
38,9,"extreme","easier",0
38,10,"extreme","easier",0
38,11,"extreme","easier",0
38,12,"extreme","easier",0
38,13,"extreme","easier",0
38,14,"extreme","easier",0
38,15,"extreme","easier",0
38,16,"extreme","easier",0
38,17,"extreme","easier",0
38,1,"moderate","harder",0
38,2,"moderate","harder",1
38,3,"moderate","harder",0
38,4,"moderate","harder",0
38,5,"moderate","harder",1
38,6,"moderate","harder",0
38,7,"moderate","harder",0
38,8,"moderate","harder",0
38,9,"moderate","harder",0
38,10,"moderate","harder",0
38,11,"moderate","harder",0
38,12,"moderate","harder",0
38,13,"moderate","harder",0
38,14,"moderate","harder",0
38,15,"moderate","harder",0
38,16,"moderate","harder",0
38,17,"moderate","harder",0
38,1,"extreme","harder",0
38,2,"extreme","harder",0
38,3,"extreme","harder",0
38,4,"extreme","harder",0
38,5,"extreme","harder",0
38,6,"extreme","harder",0
38,7,"extreme","harder",0
38,8,"extreme","harder",0
38,9,"extreme","harder",0
38,10,"extreme","harder",0
38,11,"extreme","harder",0
38,12,"extreme","harder",0
38,13,"extreme","harder",0
38,14,"extreme","harder",0
38,15,"extreme","harder",0
38,16,"extreme","harder",0
38,17,"extreme","harder",0
39,1,"moderate","easier",0
39,2,"moderate","easier",1
39,3,"moderate","easier",0
39,4,"moderate","easier",1
39,5,"moderate","easier",0
39,6,"moderate","easier",0
39,7,"moderate","easier",0
39,8,"moderate","easier",1
39,9,"moderate","easier",1
39,10,"moderate","easier",0
39,11,"moderate","easier",1
39,12,"moderate","easier",0
39,13,"moderate","easier",0
39,14,"moderate","easier",0
39,15,"moderate","easier",0
39,16,"moderate","easier",0
39,17,"moderate","easier",1
39,1,"extreme","easier",0
39,2,"extreme","easier",0
39,3,"extreme","easier",1
39,4,"extreme","easier",0
39,5,"extreme","easier",1
39,6,"extreme","easier",1
39,7,"extreme","easier",1
39,8,"extreme","easier",0
39,9,"extreme","easier",0
39,10,"extreme","easier",0
39,11,"extreme","easier",0
39,12,"extreme","easier",1
39,13,"extreme","easier",0
39,14,"extreme","easier",0
39,15,"extreme","easier",0
39,16,"extreme","easier",0
39,17,"extreme","easier",1
39,1,"moderate","harder",1
39,2,"moderate","harder",0
39,3,"moderate","harder",0
39,4,"moderate","harder",1
39,5,"moderate","harder",0
39,6,"moderate","harder",1
39,7,"moderate","harder",0
39,8,"moderate","harder",1
39,9,"moderate","harder",0
39,10,"moderate","harder",0
39,11,"moderate","harder",1
39,12,"moderate","harder",1
39,13,"moderate","harder",0
39,14,"moderate","harder",1
39,15,"moderate","harder",1
39,16,"moderate","harder",1
39,17,"moderate","harder",0
39,1,"extreme","harder",1
39,2,"extreme","harder",1
39,3,"extreme","harder",1
39,4,"extreme","harder",1
39,5,"extreme","harder",1
39,6,"extreme","harder",1
39,7,"extreme","harder",1
39,8,"extreme","harder",0
39,9,"extreme","harder",0
39,10,"extreme","harder",1
39,11,"extreme","harder",1
39,12,"extreme","harder",1
39,13,"extreme","harder",0
39,14,"extreme","harder",1
39,15,"extreme","harder",1
39,16,"extreme","harder",1
39,17,"extreme","harder",0
40,1,"moderate","easier",0
40,2,"moderate","easier",0
40,3,"moderate","easier",1
40,4,"moderate","easier",1
40,5,"moderate","easier",0
40,6,"moderate","easier",1
40,7,"moderate","easier",0
40,8,"moderate","easier",1
40,9,"moderate","easier",0
40,10,"moderate","easier",0
40,11,"moderate","easier",0
40,12,"moderate","easier",0
40,13,"moderate","easier",1
40,14,"moderate","easier",1
40,15,"moderate","easier",1
40,16,"moderate","easier",0
40,17,"moderate","easier",1
40,1,"extreme","easier",0
40,2,"extreme","easier",1
40,3,"extreme","easier",0
40,4,"extreme","easier",1
40,5,"extreme","easier",1
40,6,"extreme","easier",0
40,7,"extreme","easier",0
40,8,"extreme","easier",1
40,9,"extreme","easier",1
40,10,"extreme","easier",1
40,11,"extreme","easier",1
40,12,"extreme","easier",0
40,13,"extreme","easier",0
40,14,"extreme","easier",1
40,15,"extreme","easier",0
40,16,"extreme","easier",0
40,17,"extreme","easier",1
40,1,"moderate","harder",1
40,2,"moderate","harder",0
40,3,"moderate","harder",0
40,4,"moderate","harder",1
40,5,"moderate","harder",0
40,6,"moderate","harder",1
40,7,"moderate","harder",1
40,8,"moderate","harder",1
40,9,"moderate","harder",1
40,10,"moderate","harder",1
40,11,"moderate","harder",0
40,12,"moderate","harder",1
40,13,"moderate","harder",0
40,14,"moderate","harder",1
40,15,"moderate","harder",1
40,16,"moderate","harder",1
40,17,"moderate","harder",1
40,1,"extreme","harder",1
40,2,"extreme","harder",1
40,3,"extreme","harder",1
40,4,"extreme","harder",1
40,5,"extreme","harder",0
40,6,"extreme","harder",1
40,7,"extreme","harder",1
40,8,"extreme","harder",1
40,9,"extreme","harder",1
40,10,"extreme","harder",1
40,11,"extreme","harder",0
40,12,"extreme","harder",1
40,13,"extreme","harder",1
40,14,"extreme","harder",1
40,15,"extreme","harder",1
40,16,"extreme","harder",0
40,17,"extreme","harder",1
41,1,"moderate","easier",1
41,2,"moderate","easier",0
41,3,"moderate","easier",1
41,4,"moderate","easier",0
41,5,"moderate","easier",0
41,6,"moderate","easier",1
41,7,"moderate","easier",1
41,8,"moderate","easier",1
41,9,"moderate","easier",1
41,10,"moderate","easier",1
41,11,"moderate","easier",0
41,12,"moderate","easier",1
41,13,"moderate","easier",0
41,14,"moderate","easier",1
41,15,"moderate","easier",1
41,16,"moderate","easier",0
41,17,"moderate","easier",1
41,1,"extreme","easier",0
41,2,"extreme","easier",0
41,3,"extreme","easier",0
41,4,"extreme","easier",1
41,5,"extreme","easier",0
41,6,"extreme","easier",1
41,7,"extreme","easier",0
41,8,"extreme","easier",1
41,9,"extreme","easier",1
41,10,"extreme","easier",1
41,11,"extreme","easier",1
41,12,"extreme","easier",1
41,13,"extreme","easier",0
41,14,"extreme","easier",0
41,15,"extreme","easier",1
41,16,"extreme","easier",0
41,17,"extreme","easier",1
41,1,"moderate","harder",1
41,2,"moderate","harder",1
41,3,"moderate","harder",1
41,4,"moderate","harder",1
41,5,"moderate","harder",1
41,6,"moderate","harder",0
41,7,"moderate","harder",1
41,8,"moderate","harder",1
41,9,"moderate","harder",1
41,10,"moderate","harder",1
41,11,"moderate","harder",1
41,12,"moderate","harder",1
41,13,"moderate","harder",1
41,14,"moderate","harder",1
41,15,"moderate","harder",1
41,16,"moderate","harder",1
41,17,"moderate","harder",1
41,1,"extreme","harder",1
41,2,"extreme","harder",1
41,3,"extreme","harder",1
41,4,"extreme","harder",1
41,5,"extreme","harder",0
41,6,"extreme","harder",1
41,7,"extreme","harder",1
41,8,"extreme","harder",1
41,9,"extreme","harder",1
41,10,"extreme","harder",1
41,11,"extreme","harder",1
41,12,"extreme","harder",1
41,13,"extreme","harder",1
41,14,"extreme","harder",0
41,15,"extreme","harder",0
41,16,"extreme","harder",1
41,17,"extreme","harder",1
42,1,"moderate","easier",1
42,2,"moderate","easier",0
42,3,"moderate","easier",0
42,4,"moderate","easier",0
42,5,"moderate","easier",1
42,6,"moderate","easier",1
42,7,"moderate","easier",1
42,8,"moderate","easier",0
42,9,"moderate","easier",0
42,10,"moderate","easier",0
42,11,"moderate","easier",0
42,12,"moderate","easier",1
42,13,"moderate","easier",0
42,14,"moderate","easier",1
42,15,"moderate","easier",1
42,16,"moderate","easier",0
42,17,"moderate","easier",1
42,1,"extreme","easier",1
42,2,"extreme","easier",1
42,3,"extreme","easier",1
42,4,"extreme","easier",0
42,5,"extreme","easier",0
42,6,"extreme","easier",1
42,7,"extreme","easier",0
42,8,"extreme","easier",0
42,9,"extreme","easier",0
42,10,"extreme","easier",1
42,11,"extreme","easier",1
42,12,"extreme","easier",1
42,13,"extreme","easier",0
42,14,"extreme","easier",1
42,15,"extreme","easier",0
42,16,"extreme","easier",1
42,17,"extreme","easier",0
42,1,"moderate","harder",1
42,2,"moderate","harder",1
42,3,"moderate","harder",1
42,4,"moderate","harder",1
42,5,"moderate","harder",0
42,6,"moderate","harder",1
42,7,"moderate","harder",0
42,8,"moderate","harder",1
42,9,"moderate","harder",1
42,10,"moderate","harder",0
42,11,"moderate","harder",1
42,12,"moderate","harder",1
42,13,"moderate","harder",1
42,14,"moderate","harder",0
42,15,"moderate","harder",0
42,16,"moderate","harder",1
42,17,"moderate","harder",1
42,1,"extreme","harder",0
42,2,"extreme","harder",0
42,3,"extreme","harder",1
42,4,"extreme","harder",1
42,5,"extreme","harder",1
42,6,"extreme","harder",0
42,7,"extreme","harder",1
42,8,"extreme","harder",1
42,9,"extreme","harder",1
42,10,"extreme","harder",1
42,11,"extreme","harder",1
42,12,"extreme","harder",1
42,13,"extreme","harder",1
42,14,"extreme","harder",1
42,15,"extreme","harder",1
42,16,"extreme","harder",1
42,17,"extreme","harder",1
43,1,"moderate","easier",0
43,2,"moderate","easier",0
43,3,"moderate","easier",0
43,4,"moderate","easier",0
43,5,"moderate","easier",0
43,6,"moderate","easier",0
43,7,"moderate","easier",0
43,8,"moderate","easier",0
43,9,"moderate","easier",0
43,10,"moderate","easier",0
43,11,"moderate","easier",0
43,12,"moderate","easier",0
43,13,"moderate","easier",0
43,14,"moderate","easier",0
43,15,"moderate","easier",0
43,16,"moderate","easier",0
43,17,"moderate","easier",0
43,1,"extreme","easier",0
43,2,"extreme","easier",0
43,3,"extreme","easier",0
43,4,"extreme","easier",0
43,5,"extreme","easier",0
43,6,"extreme","easier",0
43,7,"extreme","easier",0
43,8,"extreme","easier",0
43,9,"extreme","easier",0
43,10,"extreme","easier",0
43,11,"extreme","easier",0
43,12,"extreme","easier",0
43,13,"extreme","easier",0
43,14,"extreme","easier",0
43,15,"extreme","easier",0
43,16,"extreme","easier",0
43,17,"extreme","easier",0
43,1,"moderate","harder",0
43,2,"moderate","harder",0
43,3,"moderate","harder",0
43,4,"moderate","harder",0
43,5,"moderate","harder",0
43,6,"moderate","harder",0
43,7,"moderate","harder",0
43,8,"moderate","harder",0
43,9,"moderate","harder",1
43,10,"moderate","harder",0
43,11,"moderate","harder",0
43,12,"moderate","harder",0
43,13,"moderate","harder",0
43,14,"moderate","harder",0
43,15,"moderate","harder",0
43,16,"moderate","harder",0
43,17,"moderate","harder",0
43,1,"extreme","harder",1
43,2,"extreme","harder",0
43,3,"extreme","harder",0
43,4,"extreme","harder",0
43,5,"extreme","harder",1
43,6,"extreme","harder",0
43,7,"extreme","harder",0
43,8,"extreme","harder",0
43,9,"extreme","harder",0
43,10,"extreme","harder",0
43,11,"extreme","harder",0
43,12,"extreme","harder",0
43,13,"extreme","harder",0
43,14,"extreme","harder",0
43,15,"extreme","harder",0
43,16,"extreme","harder",1
43,17,"extreme","harder",0
44,1,"moderate","easier",1
44,2,"moderate","easier",1
44,3,"moderate","easier",1
44,4,"moderate","easier",0
44,5,"moderate","easier",1
44,6,"moderate","easier",1
44,7,"moderate","easier",1
44,8,"moderate","easier",0
44,9,"moderate","easier",1
44,10,"moderate","easier",1
44,11,"moderate","easier",0
44,12,"moderate","easier",1
44,13,"moderate","easier",1
44,14,"moderate","easier",0
44,15,"moderate","easier",1
44,16,"moderate","easier",1
44,17,"moderate","easier",1
44,1,"extreme","easier",1
44,2,"extreme","easier",1
44,3,"extreme","easier",1
44,4,"extreme","easier",0
44,5,"extreme","easier",1
44,6,"extreme","easier",1
44,7,"extreme","easier",1
44,8,"extreme","easier",0
44,9,"extreme","easier",1
44,10,"extreme","easier",0
44,11,"extreme","easier",1
44,12,"extreme","easier",0
44,13,"extreme","easier",0
44,14,"extreme","easier",1
44,15,"extreme","easier",0
44,16,"extreme","easier",1
44,17,"extreme","easier",1
44,1,"moderate","harder",1
44,2,"moderate","harder",1
44,3,"moderate","harder",1
44,4,"moderate","harder",1
44,5,"moderate","harder",1
44,6,"moderate","harder",1
44,7,"moderate","harder",0
44,8,"moderate","harder",1
44,9,"moderate","harder",1
44,10,"moderate","harder",1
44,11,"moderate","harder",1
44,12,"moderate","harder",1
44,13,"moderate","harder",1
44,14,"moderate","harder",1
44,15,"moderate","harder",1
44,16,"moderate","harder",1
44,17,"moderate","harder",1
44,1,"extreme","harder",1
44,2,"extreme","harder",1
44,3,"extreme","harder",1
44,4,"extreme","harder",0
44,5,"extreme","harder",1
44,6,"extreme","harder",1
44,7,"extreme","harder",1
44,8,"extreme","harder",1
44,9,"extreme","harder",1
44,10,"extreme","harder",0
44,11,"extreme","harder",1
44,12,"extreme","harder",1
44,13,"extreme","harder",1
44,14,"extreme","harder",1
44,15,"extreme","harder",1
44,16,"extreme","harder",1
44,17,"extreme","harder",1
45,1,"moderate","easier",0
45,2,"moderate","easier",0
45,3,"moderate","easier",1
45,4,"moderate","easier",0
45,5,"moderate","easier",0
45,6,"moderate","easier",1
45,7,"moderate","easier",1
45,8,"moderate","easier",0
45,9,"moderate","easier",1
45,10,"moderate","easier",0
45,11,"moderate","easier",1
45,12,"moderate","easier",1
45,13,"moderate","easier",0
45,14,"moderate","easier",0
45,15,"moderate","easier",1
45,16,"moderate","easier",1
45,17,"moderate","easier",0
45,1,"extreme","easier",0
45,2,"extreme","easier",0
45,3,"extreme","easier",1
45,4,"extreme","easier",0
45,5,"extreme","easier",1
45,6,"extreme","easier",0
45,7,"extreme","easier",0
45,8,"extreme","easier",1
45,9,"extreme","easier",1
45,10,"extreme","easier",1
45,11,"extreme","easier",1
45,12,"extreme","easier",1
45,13,"extreme","easier",0
45,14,"extreme","easier",1
45,15,"extreme","easier",0
45,16,"extreme","easier",1
45,17,"extreme","easier",1
45,1,"moderate","harder",0
45,2,"moderate","harder",1
45,3,"moderate","harder",1
45,4,"moderate","harder",1
45,5,"moderate","harder",1
45,6,"moderate","harder",1
45,7,"moderate","harder",0
45,8,"moderate","harder",0
45,9,"moderate","harder",1
45,10,"moderate","harder",1
45,11,"moderate","harder",1
45,12,"moderate","harder",1
45,13,"moderate","harder",1
45,14,"moderate","harder",0
45,15,"moderate","harder",1
45,16,"moderate","harder",1
45,17,"moderate","harder",1
45,1,"extreme","harder",0
45,2,"extreme","harder",1
45,3,"extreme","harder",1
45,4,"extreme","harder",0
45,5,"extreme","harder",1
45,6,"extreme","harder",1
45,7,"extreme","harder",1
45,8,"extreme","harder",0
45,9,"extreme","harder",0
45,10,"extreme","harder",1
45,11,"extreme","harder",0
45,12,"extreme","harder",1
45,13,"extreme","harder",1
45,14,"extreme","harder",1
45,15,"extreme","harder",1
45,16,"extreme","harder",1
45,17,"extreme","harder",1
46,1,"moderate","easier",1
46,2,"moderate","easier",0
46,3,"moderate","easier",0
46,4,"moderate","easier",0
46,5,"moderate","easier",0
46,6,"moderate","easier",1
46,7,"moderate","easier",1
46,8,"moderate","easier",0
46,9,"moderate","easier",1
46,10,"moderate","easier",1
46,11,"moderate","easier",1
46,12,"moderate","easier",1
46,13,"moderate","easier",1
46,14,"moderate","easier",1
46,15,"moderate","easier",0
46,16,"moderate","easier",1
46,17,"moderate","easier",1
46,1,"extreme","easier",1
46,2,"extreme","easier",0
46,3,"extreme","easier",0
46,4,"extreme","easier",0
46,5,"extreme","easier",1
46,6,"extreme","easier",1
46,7,"extreme","easier",0
46,8,"extreme","easier",1
46,9,"extreme","easier",1
46,10,"extreme","easier",1
46,11,"extreme","easier",1
46,12,"extreme","easier",1
46,13,"extreme","easier",1
46,14,"extreme","easier",1
46,15,"extreme","easier",0
46,16,"extreme","easier",1
46,17,"extreme","easier",1
46,1,"moderate","harder",1
46,2,"moderate","harder",1
46,3,"moderate","harder",1
46,4,"moderate","harder",1
46,5,"moderate","harder",1
46,6,"moderate","harder",0
46,7,"moderate","harder",0
46,8,"moderate","harder",1
46,9,"moderate","harder",1
46,10,"moderate","harder",1
46,11,"moderate","harder",1
46,12,"moderate","harder",0
46,13,"moderate","harder",1
46,14,"moderate","harder",1
46,15,"moderate","harder",1
46,16,"moderate","harder",1
46,17,"moderate","harder",1
46,1,"extreme","harder",1
46,2,"extreme","harder",1
46,3,"extreme","harder",1
46,4,"extreme","harder",1
46,5,"extreme","harder",0
46,6,"extreme","harder",0
46,7,"extreme","harder",1
46,8,"extreme","harder",1
46,9,"extreme","harder",1
46,10,"extreme","harder",0
46,11,"extreme","harder",1
46,12,"extreme","harder",1
46,13,"extreme","harder",1
46,14,"extreme","harder",1
46,15,"extreme","harder",1
46,16,"extreme","harder",1
46,17,"extreme","harder",1
47,1,"moderate","easier",0
47,2,"moderate","easier",1
47,3,"moderate","easier",0
47,4,"moderate","easier",0
47,5,"moderate","easier",0
47,6,"moderate","easier",0
47,7,"moderate","easier",0
47,8,"moderate","easier",0
47,9,"moderate","easier",0
47,10,"moderate","easier",1
47,11,"moderate","easier",0
47,12,"moderate","easier",0
47,13,"moderate","easier",0
47,14,"moderate","easier",0
47,15,"moderate","easier",0
47,16,"moderate","easier",0
47,17,"moderate","easier",1
47,1,"extreme","easier",0
47,2,"extreme","easier",1
47,3,"extreme","easier",1
47,4,"extreme","easier",0
47,5,"extreme","easier",1
47,6,"extreme","easier",1
47,7,"extreme","easier",0
47,8,"extreme","easier",0
47,9,"extreme","easier",0
47,10,"extreme","easier",0
47,11,"extreme","easier",0
47,12,"extreme","easier",1
47,13,"extreme","easier",0
47,14,"extreme","easier",0
47,15,"extreme","easier",0
47,16,"extreme","easier",0
47,17,"extreme","easier",0
47,1,"moderate","harder",0
47,2,"moderate","harder",0
47,3,"moderate","harder",0
47,4,"moderate","harder",1
47,5,"moderate","harder",1
47,6,"moderate","harder",1
47,7,"moderate","harder",0
47,8,"moderate","harder",0
47,9,"moderate","harder",1
47,10,"moderate","harder",1
47,11,"moderate","harder",1
47,12,"moderate","harder",0
47,13,"moderate","harder",0
47,14,"moderate","harder",0
47,15,"moderate","harder",0
47,16,"moderate","harder",0
47,17,"moderate","harder",1
47,1,"extreme","harder",0
47,2,"extreme","harder",0
47,3,"extreme","harder",1
47,4,"extreme","harder",0
47,5,"extreme","harder",1
47,6,"extreme","harder",1
47,7,"extreme","harder",1
47,8,"extreme","harder",1
47,9,"extreme","harder",1
47,10,"extreme","harder",1
47,11,"extreme","harder",1
47,12,"extreme","harder",1
47,13,"extreme","harder",1
47,14,"extreme","harder",0
47,15,"extreme","harder",1
47,16,"extreme","harder",0
47,17,"extreme","harder",0
48,1,"moderate","easier",1
48,2,"moderate","easier",0
48,3,"moderate","easier",1
48,4,"moderate","easier",1
48,5,"moderate","easier",1
48,6,"moderate","easier",1
48,7,"moderate","easier",0
48,8,"moderate","easier",1
48,9,"moderate","easier",0
48,10,"moderate","easier",1
48,11,"moderate","easier",1
48,12,"moderate","easier",0
48,13,"moderate","easier",1
48,14,"moderate","easier",0
48,15,"moderate","easier",1
48,16,"moderate","easier",0
48,17,"moderate","easier",1
48,1,"extreme","easier",1
48,2,"extreme","easier",1
48,3,"extreme","easier",0
48,4,"extreme","easier",1
48,5,"extreme","easier",0
48,6,"extreme","easier",1
48,7,"extreme","easier",0
48,8,"extreme","easier",1
48,9,"extreme","easier",1
48,10,"extreme","easier",1
48,11,"extreme","easier",1
48,12,"extreme","easier",1
48,13,"extreme","easier",0
48,14,"extreme","easier",0
48,15,"extreme","easier",0
48,16,"extreme","easier",0
48,17,"extreme","easier",0
48,1,"moderate","harder",1
48,2,"moderate","harder",1
48,3,"moderate","harder",0
48,4,"moderate","harder",1
48,5,"moderate","harder",1
48,6,"moderate","harder",0
48,7,"moderate","harder",1
48,8,"moderate","harder",1
48,9,"moderate","harder",1
48,10,"moderate","harder",1
48,11,"moderate","harder",1
48,12,"moderate","harder",1
48,13,"moderate","harder",1
48,14,"moderate","harder",1
48,15,"moderate","harder",1
48,16,"moderate","harder",1
48,17,"moderate","harder",1
48,1,"extreme","harder",1
48,2,"extreme","harder",1
48,3,"extreme","harder",1
48,4,"extreme","harder",1
48,5,"extreme","harder",1
48,6,"extreme","harder",1
48,7,"extreme","harder",1
48,8,"extreme","harder",1
48,9,"extreme","harder",1
48,10,"extreme","harder",1
48,11,"extreme","harder",1
48,12,"extreme","harder",1
48,13,"extreme","harder",1
48,14,"extreme","harder",1
48,15,"extreme","harder",1
48,16,"extreme","harder",1
48,17,"extreme","harder",1
49,1,"moderate","easier",1
49,2,"moderate","easier",1
49,3,"moderate","easier",0
49,4,"moderate","easier",0
49,5,"moderate","easier",1
49,6,"moderate","easier",0
49,7,"moderate","easier",1
49,8,"moderate","easier",0
49,9,"moderate","easier",1
49,10,"moderate","easier",0
49,11,"moderate","easier",1
49,12,"moderate","easier",1
49,13,"moderate","easier",0
49,14,"moderate","easier",0
49,15,"moderate","easier",0
49,16,"moderate","easier",1
49,17,"moderate","easier",1
49,1,"extreme","easier",1
49,2,"extreme","easier",0
49,3,"extreme","easier",1
49,4,"extreme","easier",1
49,5,"extreme","easier",1
49,6,"extreme","easier",1
49,7,"extreme","easier",0
49,8,"extreme","easier",0
49,9,"extreme","easier",0
49,10,"extreme","easier",1
49,11,"extreme","easier",1
49,12,"extreme","easier",1
49,13,"extreme","easier",1
49,14,"extreme","easier",1
49,15,"extreme","easier",1
49,16,"extreme","easier",1
49,17,"extreme","easier",0
49,1,"moderate","harder",1
49,2,"moderate","harder",1
49,3,"moderate","harder",1
49,4,"moderate","harder",1
49,5,"moderate","harder",1
49,6,"moderate","harder",1
49,7,"moderate","harder",1
49,8,"moderate","harder",1
49,9,"moderate","harder",1
49,10,"moderate","harder",1
49,11,"moderate","harder",1
49,12,"moderate","harder",1
49,13,"moderate","harder",1
49,14,"moderate","harder",1
49,15,"moderate","harder",0
49,16,"moderate","harder",1
49,17,"moderate","harder",1
49,1,"extreme","harder",1
49,2,"extreme","harder",1
49,3,"extreme","harder",1
49,4,"extreme","harder",1
49,5,"extreme","harder",1
49,6,"extreme","harder",1
49,7,"extreme","harder",1
49,8,"extreme","harder",1
49,9,"extreme","harder",1
49,10,"extreme","harder",1
49,11,"extreme","harder",1
49,12,"extreme","harder",1
49,13,"extreme","harder",1
49,14,"extreme","harder",1
49,15,"extreme","harder",1
49,16,"extreme","harder",1
49,17,"extreme","harder",1
50,1,"moderate","easier",0
50,2,"moderate","easier",0
50,3,"moderate","easier",0
50,4,"moderate","easier",0
50,5,"moderate","easier",0
50,6,"moderate","easier",0
50,7,"moderate","easier",0
50,8,"moderate","easier",0
50,9,"moderate","easier",0
50,10,"moderate","easier",0
50,11,"moderate","easier",0
50,12,"moderate","easier",0
50,13,"moderate","easier",0
50,14,"moderate","easier",1
50,15,"moderate","easier",0
50,16,"moderate","easier",0
50,17,"moderate","easier",0
50,1,"extreme","easier",1
50,2,"extreme","easier",0
50,3,"extreme","easier",0
50,4,"extreme","easier",0
50,5,"extreme","easier",1
50,6,"extreme","easier",0
50,7,"extreme","easier",0
50,8,"extreme","easier",0
50,9,"extreme","easier",0
50,10,"extreme","easier",0
50,11,"extreme","easier",0
50,12,"extreme","easier",0
50,13,"extreme","easier",0
50,14,"extreme","easier",0
50,15,"extreme","easier",1
50,16,"extreme","easier",0
50,17,"extreme","easier",0
50,1,"moderate","harder",1
50,2,"moderate","harder",0
50,3,"moderate","harder",1
50,4,"moderate","harder",0
50,5,"moderate","harder",1
50,6,"moderate","harder",0
50,7,"moderate","harder",0
50,8,"moderate","harder",0
50,9,"moderate","harder",0
50,10,"moderate","harder",0
50,11,"moderate","harder",0
50,12,"moderate","harder",0
50,13,"moderate","harder",0
50,14,"moderate","harder",0
50,15,"moderate","harder",0
50,16,"moderate","harder",0
50,17,"moderate","harder",0
50,1,"extreme","harder",0
50,2,"extreme","harder",1
50,3,"extreme","harder",0
50,4,"extreme","harder",0
50,5,"extreme","harder",0
50,6,"extreme","harder",1
50,7,"extreme","harder",0
50,8,"extreme","harder",0
50,9,"extreme","harder",0
50,10,"extreme","harder",0
50,11,"extreme","harder",0
50,12,"extreme","harder",1
50,13,"extreme","harder",0
50,14,"extreme","harder",1
50,15,"extreme","harder",1
50,16,"extreme","harder",0
50,17,"extreme","harder",1
